//! Generated offline from the auditable GLSL shader; see its regeneration script.
#[rustfmt::skip]
#[allow(clippy::unreadable_literal)] // Compiler-produced SPIR-V word encoding.
pub(super) const WORDS: &[u32] = &[
	0x07230203,0x00010000,0x0008000b,0x00001f41,0x00000000,0x00020011,0x00000001,0x0006000b,
	0x00000001,0x4c534c47,0x6474732e,0x3035342e,0x00000000,0x0003000e,0x00000000,0x00000001,
	0x0006000f,0x00000005,0x00000004,0x6e69616d,0x00000000,0x000004ef,0x00060010,0x00000004,
	0x00000011,0x00000040,0x00000001,0x00000001,0x00030003,0x00000002,0x000001c2,0x00040005,
	0x00000004,0x6e69616d,0x00000000,0x00040005,0x000001b1,0x494c4f50,0x00005943,0x00040005,
	0x0000036a,0x54736552,0x00657079,0x00080005,0x000004ef,0x475f6c67,0x61626f6c,0x766e496c,
	0x7461636f,0x496e6f69,0x00000044,0x00040005,0x000004f5,0x7074754f,0x00007475,0x00050006,
	0x000004f5,0x00000000,0x756c6176,0x00007365,0x00050005,0x000004f7,0x7074756f,0x645f7475,
	0x00617461,0x00070005,0x00000500,0x52554f53,0x5f304543,0x414f5242,0x53414344,0x00000054,
	0x00070005,0x00000505,0x52554f53,0x5f314543,0x414f5242,0x53414344,0x00000054,0x00050005,
	0x0000050a,0x5446454c,0x554f535f,0x00454352,0x00040005,0x00000510,0x72756f53,0x00306563,
	0x00050006,0x00000510,0x00000000,0x756c6176,0x00007365,0x00040005,0x00000512,0x72756f73,
	0x00306563,0x00040005,0x00000519,0x72756f53,0x00316563,0x00050006,0x00000519,0x00000000,
	0x756c6176,0x00007365,0x00040005,0x0000051b,0x72756f73,0x00316563,0x00060005,0x00000521,
	0x48474952,0x4f535f54,0x45435255,0x00000000,0x00030005,0x00000542,0x0000504f,0x00040005,
	0x0000056b,0x74617453,0x00007375,0x00050006,0x0000056b,0x00000000,0x756c6176,0x00007365,
	0x00050005,0x0000056d,0x74617473,0x645f7375,0x00617461,0x00040047,0x000001b1,0x00000001,
	0x00000001,0x00040047,0x000004ef,0x0000000b,0x0000001c,0x00040047,0x000004f4,0x00000006,
	0x00000008,0x00030047,0x000004f5,0x00000003,0x00040048,0x000004f5,0x00000000,0x00000019,
	0x00050048,0x000004f5,0x00000000,0x00000023,0x00000000,0x00030047,0x000004f7,0x00000019,
	0x00040047,0x000004f7,0x00000021,0x00000002,0x00040047,0x000004f7,0x00000022,0x00000000,
	0x00040047,0x00000500,0x00000001,0x00000004,0x00040047,0x00000505,0x00000001,0x00000005,
	0x00040047,0x0000050a,0x00000001,0x00000002,0x00040047,0x0000050f,0x00000006,0x00000008,
	0x00030047,0x00000510,0x00000003,0x00040048,0x00000510,0x00000000,0x00000018,0x00050048,
	0x00000510,0x00000000,0x00000023,0x00000000,0x00030047,0x00000512,0x00000018,0x00040047,
	0x00000512,0x00000021,0x00000000,0x00040047,0x00000512,0x00000022,0x00000000,0x00040047,
	0x00000518,0x00000006,0x00000008,0x00030047,0x00000519,0x00000003,0x00040048,0x00000519,
	0x00000000,0x00000018,0x00050048,0x00000519,0x00000000,0x00000023,0x00000000,0x00030047,
	0x0000051b,0x00000018,0x00040047,0x0000051b,0x00000021,0x00000001,0x00040047,0x0000051b,
	0x00000022,0x00000000,0x00040047,0x00000521,0x00000001,0x00000003,0x00040047,0x00000542,
	0x00000001,0x00000000,0x00040047,0x0000056a,0x00000006,0x00000004,0x00030047,0x0000056b,
	0x00000003,0x00040048,0x0000056b,0x00000000,0x00000019,0x00050048,0x0000056b,0x00000000,
	0x00000023,0x00000000,0x00030047,0x0000056d,0x00000019,0x00040047,0x0000056d,0x00000021,
	0x00000003,0x00040047,0x0000056d,0x00000022,0x00000000,0x00040047,0x00000573,0x0000000b,
	0x00000019,0x00020013,0x00000002,0x00030021,0x00000003,0x00000002,0x00040015,0x00000006,
	0x00000020,0x00000000,0x00040017,0x00000007,0x00000006,0x00000002,0x00040020,0x00000008,
	0x00000007,0x00000007,0x00020014,0x00000009,0x00040020,0x0000001c,0x00000007,0x00000006,
	0x00040015,0x0000002a,0x00000020,0x00000001,0x00040017,0x00000053,0x00000006,0x00000004,
	0x00040020,0x00000054,0x00000007,0x00000053,0x0004002b,0x00000006,0x00000072,0x00000000,
	0x0004002b,0x00000006,0x00000075,0x00000001,0x0004002b,0x00000006,0x000000c4,0x00000040,
	0x0005002c,0x00000007,0x000000c8,0x00000072,0x00000072,0x0004002b,0x00000006,0x000000cb,
	0x00000020,0x0004002b,0x0000002a,0x00000157,0x00000020,0x0004002b,0x0000002a,0x0000016e,
	0x00000014,0x0004002b,0x00000006,0x00000170,0x000007ff,0x0004002b,0x00000006,0x00000177,
	0x000fffff,0x0004002b,0x00000006,0x0000017e,0x00100000,0x0004002b,0x0000002a,0x00000185,
	0x0000001f,0x0004002b,0x0000002a,0x0000018d,0xfffffc02,0x0004002b,0x0000002a,0x00000191,
	0x000003ff,0x0004002b,0x00000006,0x00000198,0x00000004,0x0004002b,0x00000006,0x000001ae,
	0x7fffffff,0x00040032,0x00000006,0x000001b1,0x00000000,0x00060034,0x00000009,0x000001b2,
	0x000000aa,0x000001b1,0x00000075,0x0004002b,0x00000006,0x000001c3,0x00000002,0x0004002b,
	0x00000006,0x000001d2,0x01000000,0x0004002b,0x0000002a,0x000001d8,0x00000001,0x0004002b,
	0x00000006,0x000001e2,0x00800000,0x0004002b,0x00000006,0x000001eb,0x00000003,0x0004002b,
	0x00000006,0x000001f2,0x00000007,0x0004002b,0x00000006,0x00000203,0x00200000,0x0004002b,
	0x0000002a,0x00000205,0x00000000,0x0003002a,0x00000009,0x0000022e,0x0004002b,0x00000006,
	0x00000256,0xffffffff,0x0004002b,0x00000006,0x00000259,0x7fefffff,0x00060034,0x00000009,
	0x0000026d,0x000000aa,0x000001b1,0x00000072,0x00060034,0x00000009,0x00000275,0x000000aa,
	0x000001b1,0x00000075,0x0007002c,0x00000053,0x00000351,0x00000072,0x00000072,0x00000072,
	0x00000072,0x0004001e,0x0000036a,0x00000006,0x00000006,0x0004002b,0x0000002a,0x00000389,
	0x00000003,0x0004002b,0x0000002a,0x000003a1,0xffffffff,0x0004002b,0x0000002a,0x00000428,
	0x00000068,0x0004002b,0x0000002a,0x0000042c,0x00000037,0x0004002b,0x0000002a,0x0000046f,
	0x00000034,0x0004002b,0x00000006,0x000004b7,0x00000038,0x0004002b,0x00000006,0x000004d0,
	0x00000037,0x00040017,0x000004ed,0x00000006,0x00000003,0x00040020,0x000004ee,0x00000001,
	0x000004ed,0x0004003b,0x000004ee,0x000004ef,0x00000001,0x00040020,0x000004f0,0x00000001,
	0x00000006,0x0003001d,0x000004f4,0x00000007,0x0003001e,0x000004f5,0x000004f4,0x00040020,
	0x000004f6,0x00000002,0x000004f5,0x0004003b,0x000004f6,0x000004f7,0x00000002,0x00040032,
	0x00000006,0x00000500,0x00000000,0x00060034,0x00000009,0x00000501,0x000000ab,0x00000500,
	0x00000072,0x00040032,0x00000006,0x00000505,0x00000000,0x00060034,0x00000009,0x00000506,
	0x000000ab,0x00000505,0x00000072,0x00040032,0x00000006,0x0000050a,0x00000000,0x00060034,
	0x00000009,0x0000050b,0x000000aa,0x0000050a,0x00000072,0x0003001d,0x0000050f,0x00000007,
	0x0003001e,0x00000510,0x0000050f,0x00040020,0x00000511,0x00000002,0x00000510,0x0004003b,
	0x00000511,0x00000512,0x00000002,0x00040020,0x00000514,0x00000002,0x00000007,0x0003001d,
	0x00000518,0x00000007,0x0003001e,0x00000519,0x00000518,0x00040020,0x0000051a,0x00000002,
	0x00000519,0x0004003b,0x0000051a,0x0000051b,0x00000002,0x00040032,0x00000006,0x00000521,
	0x00000001,0x00060034,0x00000009,0x00000522,0x000000aa,0x00000521,0x00000072,0x00040032,
	0x00000006,0x00000542,0x00000000,0x00060034,0x00000009,0x00000543,0x000000aa,0x00000542,
	0x00000072,0x00060034,0x00000009,0x0000054d,0x000000aa,0x00000542,0x00000075,0x00030029,
	0x00000009,0x00000550,0x00060034,0x00000009,0x00000558,0x000000aa,0x00000542,0x000001c3,
	0x0003001d,0x0000056a,0x00000006,0x0003001e,0x0000056b,0x0000056a,0x00040020,0x0000056c,
	0x00000002,0x0000056b,0x0004003b,0x0000056c,0x0000056d,0x00000002,0x00040020,0x00000571,
	0x00000002,0x00000006,0x0006002c,0x000004ed,0x00000573,0x000000c4,0x00000075,0x00000075,
	0x0004002b,0x00000006,0x00001d89,0x0000001f,0x0004002b,0x00000006,0x00001d8b,0x0000001d,
	0x00030001,0x0000002a,0x00001e08,0x00040017,0x00001f2e,0x00000009,0x00000002,0x00050036,
	0x00000002,0x00000004,0x00000000,0x00000003,0x000200f8,0x00000005,0x0004003b,0x00000054,
	0x000010c8,0x00000007,0x0004003b,0x00000054,0x000010cb,0x00000007,0x0004003b,0x00000008,
	0x00001015,0x00000007,0x0004003b,0x00000008,0x00001016,0x00000007,0x0004003b,0x00000054,
	0x00001018,0x00000007,0x0004003b,0x00000054,0x0000101c,0x00000007,0x000300f7,0x00000574,
	0x00000000,0x000300fb,0x00000072,0x00000575,0x000200f8,0x00000575,0x00050041,0x000004f0,
	0x000004f1,0x000004ef,0x00000072,0x0004003d,0x00000006,0x000004f2,0x000004f1,0x00050044,
	0x00000006,0x000004f8,0x000004f7,0x00000000,0x000500ae,0x00000009,0x000004fb,0x000004f2,
	0x000004f8,0x000300f7,0x000004fd,0x00000000,0x000400fa,0x000004fb,0x000004fc,0x000004fd,
	0x000200f8,0x000004fc,0x000200f9,0x00000574,0x000200f8,0x000004fd,0x000600a9,0x00000006,
	0x00000503,0x00000501,0x00000072,0x000004f2,0x000600a9,0x00000006,0x00000508,0x00000506,
	0x00000072,0x000004f2,0x000300f7,0x0000050e,0x00000000,0x000400fa,0x0000050b,0x0000050d,
	0x00000517,0x000200f8,0x00000517,0x00060041,0x00000514,0x0000051d,0x0000051b,0x00000205,
	0x00000503,0x0004003d,0x00000007,0x0000051e,0x0000051d,0x000200f9,0x0000050e,0x000200f8,
	0x0000050d,0x00060041,0x00000514,0x00000515,0x00000512,0x00000205,0x00000503,0x0004003d,
	0x00000007,0x00000516,0x00000515,0x000200f9,0x0000050e,0x000200f8,0x0000050e,0x000700f5,
	0x00000007,0x00001d90,0x0000051e,0x00000517,0x00000516,0x0000050d,0x000300f7,0x00000525,
	0x00000000,0x000400fa,0x00000522,0x00000524,0x00000529,0x000200f8,0x00000529,0x00060041,
	0x00000514,0x0000052b,0x0000051b,0x00000205,0x00000508,0x0004003d,0x00000007,0x0000052c,
	0x0000052b,0x000200f9,0x00000525,0x000200f8,0x00000524,0x00060041,0x00000514,0x00000527,
	0x00000512,0x00000205,0x00000508,0x0004003d,0x00000007,0x00000528,0x00000527,0x000200f9,
	0x00000525,0x000200f8,0x00000525,0x000700f5,0x00000007,0x00001d91,0x0000052c,0x00000529,
	0x00000528,0x00000524,0x00050051,0x00000006,0x0000052f,0x00001d90,0x00000001,0x000500c2,
	0x00000006,0x00000530,0x0000052f,0x0000016e,0x000500c7,0x00000006,0x00000531,0x00000530,
	0x00000170,0x000500aa,0x00000009,0x00000532,0x00000531,0x00000170,0x000400a8,0x00000009,
	0x00000533,0x00000532,0x000300f7,0x00000535,0x00000000,0x000400fa,0x00000533,0x00000534,
	0x00000535,0x000200f8,0x00000534,0x00050051,0x00000006,0x00000537,0x00001d91,0x00000001,
	0x000500c2,0x00000006,0x00000538,0x00000537,0x0000016e,0x000500c7,0x00000006,0x00000539,
	0x00000538,0x00000170,0x000500aa,0x00000009,0x0000053a,0x00000539,0x00000170,0x000200f9,
	0x00000535,0x000200f8,0x00000535,0x000700f5,0x00000009,0x0000053b,0x00000532,0x00000525,
	0x0000053a,0x00000534,0x000300f7,0x0000053d,0x00000000,0x000400fa,0x0000053b,0x0000053c,
	0x00000541,0x000200f8,0x00000541,0x000300f7,0x00000545,0x00000000,0x000400fa,0x00000543,
	0x00000544,0x0000054c,0x000200f8,0x0000054c,0x000300f7,0x0000054f,0x00000000,0x000400fa,
	0x0000054d,0x0000054e,0x00000557,0x000200f8,0x00000557,0x000300f7,0x0000055a,0x00000000,
	0x000400fa,0x00000558,0x00000559,0x00000560,0x000200f8,0x00000560,0x000300f7,0x00001518,
	0x00000000,0x000300fb,0x00000072,0x000014a2,0x000200f8,0x000014a2,0x00050051,0x00000006,
	0x00001524,0x00001d90,0x00000000,0x000500c7,0x00000006,0x00001527,0x0000052f,0x00000177,
	0x00050050,0x00000007,0x00001528,0x00001524,0x00001527,0x000500ab,0x00000009,0x0000152a,
	0x00000531,0x00000072,0x000300f7,0x00001530,0x00000000,0x000400fa,0x0000152a,0x0000152b,
	0x00001530,0x000200f8,0x0000152b,0x000500c5,0x00000006,0x0000152e,0x00001527,0x0000017e,
	0x00060052,0x00000007,0x00001d07,0x0000152e,0x00001528,0x00000001,0x000200f9,0x00001530,
	0x000200f8,0x00001530,0x000700f5,0x00000007,0x00001d92,0x00001528,0x000014a2,0x00001d07,
	0x0000152b,0x000500c2,0x00000006,0x00001533,0x0000052f,0x00000185,0x000500aa,0x00000009,
	0x00001536,0x00000531,0x00000072,0x000300f7,0x0000153c,0x00000000,0x000400fa,0x00001536,
	0x00001537,0x00001538,0x000200f8,0x00001538,0x0004007c,0x0000002a,0x0000153a,0x00000531,
	0x00050082,0x0000002a,0x0000153b,0x0000153a,0x00000191,0x000200f9,0x0000153c,0x000200f8,
	0x00001537,0x000200f9,0x0000153c,0x000200f8,0x0000153c,0x000700f5,0x0000002a,0x00001d93,
	0x0000153b,0x00001538,0x0000018d,0x00001537,0x00050051,0x00000006,0x00001545,0x00001d91,
	0x00000001,0x000500c2,0x00000006,0x00001546,0x00001545,0x0000016e,0x000500c7,0x00000006,
	0x00001547,0x00001546,0x00000170,0x00050051,0x00000006,0x00001549,0x00001d91,0x00000000,
	0x000500c7,0x00000006,0x0000154c,0x00001545,0x00000177,0x00050050,0x00000007,0x0000154d,
	0x00001549,0x0000154c,0x000500ab,0x00000009,0x0000154f,0x00001547,0x00000072,0x000300f7,
	0x00001555,0x00000000,0x000400fa,0x0000154f,0x00001550,0x00001555,0x000200f8,0x00001550,
	0x000500c5,0x00000006,0x00001553,0x0000154c,0x0000017e,0x00060052,0x00000007,0x00001d0e,
	0x00001553,0x0000154d,0x00000001,0x000200f9,0x00001555,0x000200f8,0x00001555,0x000700f5,
	0x00000007,0x00001d94,0x0000154d,0x0000153c,0x00001d0e,0x00001550,0x000500c2,0x00000006,
	0x00001558,0x00001545,0x00000185,0x000500aa,0x00000009,0x0000155b,0x00001547,0x00000072,
	0x000300f7,0x00001561,0x00000000,0x000400fa,0x0000155b,0x0000155c,0x0000155d,0x000200f8,
	0x0000155d,0x0004007c,0x0000002a,0x0000155f,0x00001547,0x00050082,0x0000002a,0x00001560,
	0x0000155f,0x00000191,0x000200f9,0x00001561,0x000200f8,0x0000155c,0x000200f9,0x00001561,
	0x000200f8,0x00001561,0x000700f5,0x0000002a,0x00001d95,0x00001560,0x0000155d,0x0000018d,
	0x0000155c,0x000500c6,0x00000006,0x000014ab,0x00001533,0x00001558,0x00050051,0x00000006,
	0x00001567,0x00001d94,0x00000000,0x00050051,0x00000006,0x00001569,0x00001d94,0x00000001,
	0x000500c5,0x00000006,0x0000156a,0x00001567,0x00001569,0x000500aa,0x00000009,0x0000156b,
	0x0000156a,0x00000072,0x000300f7,0x000014b1,0x00000000,0x000400fa,0x0000156b,0x000014af,
	0x000014b1,0x000200f8,0x000014af,0x000200f9,0x00001518,0x000200f8,0x000014b1,0x00050051,
	0x00000006,0x00001573,0x00001d92,0x00000000,0x00050051,0x00000006,0x00001575,0x00001d92,
	0x00000001,0x000500c5,0x00000006,0x00001576,0x00001573,0x00001575,0x000500aa,0x00000009,
	0x00001577,0x00001576,0x00000072,0x000300f7,0x000014ba,0x00000000,0x000400fa,0x00001577,
	0x000014b5,0x000014ba,0x000200f8,0x000014b5,0x000500c4,0x00000006,0x000014b7,0x000014ab,
	0x00000185,0x00050050,0x00000007,0x000014b8,0x00000072,0x000014b7,0x000200f9,0x00001518,
	0x000200f8,0x000014ba,0x000500ab,0x00000009,0x00001581,0x00001575,0x00000072,0x000300f7,
	0x0000158b,0x00000000,0x000400fa,0x00001581,0x00001582,0x00001587,0x000200f8,0x00001587,
	0x0006000c,0x0000002a,0x0000158a,0x00000001,0x0000004b,0x00001573,0x000200f9,0x0000158b,
	0x000200f8,0x00001582,0x0006000c,0x0000002a,0x00001585,0x00000001,0x0000004b,0x00001575,
	0x00050080,0x0000002a,0x00001586,0x00000157,0x00001585,0x000200f9,0x0000158b,0x000200f8,
	0x0000158b,0x000700f5,0x0000002a,0x00001d98,0x0000158a,0x00001587,0x00001586,0x00001582,
	0x00050082,0x0000002a,0x000014be,0x0000046f,0x00001d98,0x0004007c,0x00000006,0x000014bf,
	0x000014be,0x000500ab,0x00000009,0x00001592,0x00001569,0x00000072,0x000300f7,0x0000159c,
	0x00000000,0x000400fa,0x00001592,0x00001593,0x00001598,0x000200f8,0x00001598,0x0006000c,
	0x0000002a,0x0000159b,0x00000001,0x0000004b,0x00001567,0x000200f9,0x0000159c,0x000200f8,
	0x00001593,0x0006000c,0x0000002a,0x00001596,0x00000001,0x0000004b,0x00001569,0x00050080,
	0x0000002a,0x00001597,0x00000157,0x00001596,0x000200f9,0x0000159c,0x000200f8,0x0000159c,
	0x000700f5,0x0000002a,0x00001d9a,0x0000159b,0x00001598,0x00001597,0x00001593,0x00050082,
	0x0000002a,0x000014c3,0x0000046f,0x00001d9a,0x0004007c,0x00000006,0x000014c4,0x000014c3,
	0x000300f7,0x000015c5,0x00000000,0x000300fb,0x00000072,0x000015a2,0x000200f8,0x000015a2,
	0x000500aa,0x00000009,0x000015a4,0x000014bf,0x00000072,0x000300f7,0x000015a7,0x00000000,
	0x000400fa,0x000015a4,0x000015a5,0x000015a7,0x000200f8,0x000015a5,0x000200f9,0x000015c5,
	0x000200f8,0x000015a7,0x000500ae,0x00000009,0x000015a9,0x000014bf,0x000000c4,0x000300f7,
	0x000015ab,0x00000000,0x000400fa,0x000015a9,0x000015aa,0x000015ab,0x000200f8,0x000015aa,
	0x000200f9,0x000015c5,0x000200f8,0x000015ab,0x000500ae,0x00000009,0x000015ad,0x000014bf,
	0x000000cb,0x000300f7,0x000015b5,0x00000000,0x000400fa,0x000015ad,0x000015ae,0x000015b5,
	0x000200f8,0x000015ae,0x00050082,0x00000006,0x000015b2,0x000014bf,0x000000cb,0x000500c4,
	0x00000006,0x000015b3,0x00001573,0x000015b2,0x00050050,0x00000007,0x000015b4,0x00000072,
	0x000015b3,0x000200f9,0x000015c5,0x000200f8,0x000015b5,0x000500c4,0x00000006,0x000015b9,
	0x00001573,0x000014bf,0x000500c4,0x00000006,0x000015bd,0x00001575,0x000014bf,0x00050082,
	0x00000006,0x000015c1,0x000000cb,0x000014bf,0x000500c2,0x00000006,0x000015c2,0x00001573,
	0x000015c1,0x000500c5,0x00000006,0x000015c3,0x000015bd,0x000015c2,0x00050050,0x00000007,
	0x000015c4,0x000015b9,0x000015c3,0x000200f9,0x000015c5,0x000200f8,0x000015c5,0x000b00f5,
	0x00000007,0x00001d9d,0x00001d92,0x000015a5,0x000000c8,0x000015aa,0x000015b4,0x000015ae,
	0x000015c4,0x000015b5,0x00050082,0x0000002a,0x000014ce,0x00001d93,0x000014be,0x000300f7,
	0x000015ee,0x00000000,0x000300fb,0x00000072,0x000015cb,0x000200f8,0x000015cb,0x000500aa,
	0x00000009,0x000015cd,0x000014c4,0x00000072,0x000300f7,0x000015d0,0x00000000,0x000400fa,
	0x000015cd,0x000015ce,0x000015d0,0x000200f8,0x000015ce,0x000200f9,0x000015ee,0x000200f8,
	0x000015d0,0x000500ae,0x00000009,0x000015d2,0x000014c4,0x000000c4,0x000300f7,0x000015d4,
	0x00000000,0x000400fa,0x000015d2,0x000015d3,0x000015d4,0x000200f8,0x000015d3,0x000200f9,
	0x000015ee,0x000200f8,0x000015d4,0x000500ae,0x00000009,0x000015d6,0x000014c4,0x000000cb,
	0x000300f7,0x000015de,0x00000000,0x000400fa,0x000015d6,0x000015d7,0x000015de,0x000200f8,
	0x000015d7,0x00050082,0x00000006,0x000015db,0x000014c4,0x000000cb,0x000500c4,0x00000006,
	0x000015dc,0x00001567,0x000015db,0x00050050,0x00000007,0x000015dd,0x00000072,0x000015dc,
	0x000200f9,0x000015ee,0x000200f8,0x000015de,0x000500c4,0x00000006,0x000015e2,0x00001567,
	0x000014c4,0x000500c4,0x00000006,0x000015e6,0x00001569,0x000014c4,0x00050082,0x00000006,
	0x000015ea,0x000000cb,0x000014c4,0x000500c2,0x00000006,0x000015eb,0x00001567,0x000015ea,
	0x000500c5,0x00000006,0x000015ec,0x000015e6,0x000015eb,0x00050050,0x00000007,0x000015ed,
	0x000015e2,0x000015ec,0x000200f9,0x000015ee,0x000200f8,0x000015ee,0x000b00f5,0x00000007,
	0x00001da5,0x00001d94,0x000015ce,0x000000c8,0x000015d3,0x000015dd,0x000015d7,0x000015ed,
	0x000015de,0x00050082,0x0000002a,0x000014d9,0x00001d95,0x000014c3,0x00050082,0x0000002a,
	0x000014e1,0x000014ce,0x000014d9,0x00050051,0x00000006,0x000015f3,0x00001d9d,0x00000001,
	0x00050051,0x00000006,0x000015f5,0x00001da5,0x00000001,0x000500ac,0x00000009,0x000015f6,
	0x000015f3,0x000015f5,0x000400a8,0x00000009,0x000015f7,0x000015f6,0x000300f7,0x00001606,
	0x00000000,0x000400fa,0x000015f7,0x000015f8,0x00001606,0x000200f8,0x000015f8,0x000500aa,
	0x00000009,0x000015fd,0x000015f3,0x000015f5,0x000300f7,0x00001604,0x00000000,0x000400fa,
	0x000015fd,0x000015fe,0x00001604,0x000200f8,0x000015fe,0x00050051,0x00000006,0x00001600,
	0x00001d9d,0x00000000,0x00050051,0x00000006,0x00001602,0x00001da5,0x00000000,0x000500ae,
	0x00000009,0x00001603,0x00001600,0x00001602,0x000200f9,0x00001604,0x000200f8,0x00001604,
	0x000700f5,0x00000009,0x00001605,0x000015fd,0x000015f8,0x00001603,0x000015fe,0x000200f9,
	0x00001606,0x000200f8,0x00001606,0x000700f5,0x00000009,0x00001607,0x000015f6,0x000015ee,
	0x00001605,0x00001604,0x000400a8,0x00000009,0x000014e6,0x00001607,0x000300f7,0x000014ec,
	0x00000000,0x000400fa,0x000014e6,0x000014e7,0x000014ec,0x000200f8,0x000014e7,0x000300f7,
	0x0000162f,0x00000000,0x000300fb,0x00000072,0x0000160c,0x000200f8,0x0000160c,0x00050051,
	0x00000006,0x00001621,0x00001d9d,0x00000000,0x000500c4,0x00000006,0x00001623,0x00001621,
	0x00000075,0x000500c4,0x00000006,0x00001627,0x000015f3,0x00000075,0x000500c2,0x00000006,
	0x0000162c,0x00001621,0x00001d89,0x000500c5,0x00000006,0x0000162d,0x00001627,0x0000162c,
	0x00050050,0x00000007,0x0000162e,0x00001623,0x0000162d,0x000200f9,0x0000162f,0x000200f8,
	0x0000162f,0x00050082,0x0000002a,0x000014eb,0x000014e1,0x000001d8,0x000200f9,0x000014ec,
	0x000200f8,0x000014ec,0x000700f5,0x0000002a,0x00001db5,0x000014e1,0x00001606,0x000014eb,
	0x0000162f,0x000700f5,0x00000007,0x00001db2,0x00001d9d,0x00001606,0x0000162e,0x0000162f,
	0x000200f9,0x000014ed,0x000200f8,0x000014ed,0x000700f5,0x00000007,0x00001db3,0x000000c8,
	0x000014ec,0x00001f1b,0x00001508,0x000700f5,0x00000007,0x00001db1,0x00001db2,0x000014ec,
	0x00001f19,0x00001508,0x000700f5,0x00000006,0x00001db0,0x00000072,0x000014ec,0x0000150a,
	0x00001508,0x000500b0,0x00000009,0x000014f0,0x00001db0,0x000004b7,0x000400f6,0x0000150b,
	0x00001508,0x00000000,0x000400fa,0x000014f0,0x000014f1,0x0000150b,0x000200f8,0x000014f1,
	0x000300f7,0x00001658,0x00000000,0x000300fb,0x00000072,0x00001635,0x000200f8,0x00001635,
	0x00050051,0x00000006,0x0000164a,0x00001db3,0x00000000,0x000500c4,0x00000006,0x0000164c,
	0x0000164a,0x00000075,0x00050051,0x00000006,0x0000164e,0x00001db3,0x00000001,0x000500c4,
	0x00000006,0x00001650,0x0000164e,0x00000075,0x000500c2,0x00000006,0x00001655,0x0000164a,
	0x00001d89,0x000500c5,0x00000006,0x00001656,0x00001650,0x00001655,0x00050050,0x00000007,
	0x00001657,0x0000164c,0x00001656,0x000200f9,0x00001658,0x000200f8,0x00001658,0x00050051,
	0x00000006,0x0000165d,0x00001db1,0x00000001,0x000500ac,0x00000009,0x00001660,0x0000165d,
	0x000015f5,0x000400a8,0x00000009,0x00001661,0x00001660,0x000300f7,0x00001670,0x00000000,
	0x000400fa,0x00001661,0x00001662,0x00001670,0x000200f8,0x00001662,0x000500aa,0x00000009,
	0x00001667,0x0000165d,0x000015f5,0x000300f7,0x0000166e,0x00000000,0x000400fa,0x00001667,
	0x00001668,0x0000166e,0x000200f8,0x00001668,0x00050051,0x00000006,0x0000166a,0x00001db1,
	0x00000000,0x00050051,0x00000006,0x0000166c,0x00001da5,0x00000000,0x000500ae,0x00000009,
	0x0000166d,0x0000166a,0x0000166c,0x000200f9,0x0000166e,0x000200f8,0x0000166e,0x000700f5,
	0x00000009,0x0000166f,0x00001667,0x00001662,0x0000166d,0x00001668,0x000200f9,0x00001670,
	0x000200f8,0x00001670,0x000700f5,0x00000009,0x00001671,0x00001660,0x00001658,0x0000166f,
	0x0000166e,0x000300f7,0x00001501,0x00000000,0x000400fa,0x00001671,0x000014f8,0x00001501,
	0x000200f8,0x000014f8,0x00050051,0x00000006,0x00001675,0x00001db1,0x00000000,0x00050051,
	0x00000006,0x00001677,0x00001da5,0x00000000,0x00050082,0x00000006,0x00001678,0x00001675,
	0x00001677,0x00050082,0x00000006,0x0000167d,0x0000165d,0x000015f5,0x000500b0,0x00000009,
	0x00001682,0x00001675,0x00001677,0x000600a9,0x00000006,0x00001683,0x00001682,0x00000075,
	0x00000072,0x00050082,0x00000006,0x00001684,0x0000167d,0x00001683,0x00050050,0x00000007,
	0x00001685,0x00001678,0x00001684,0x000500c5,0x00000006,0x000014ff,0x0000164c,0x00000075,
	0x00060052,0x00000007,0x00001d3e,0x000014ff,0x00001657,0x00000000,0x000200f9,0x00001501,
	0x000200f8,0x00001501,0x000700f5,0x00000007,0x00001f1b,0x00001657,0x00001670,0x00001d3e,
	0x000014f8,0x000700f5,0x00000007,0x00001def,0x00001db1,0x00001670,0x00001685,0x000014f8,
	0x000500ab,0x00000009,0x00001503,0x00001db0,0x000004d0,0x000300f7,0x00001507,0x00000000,
	0x000400fa,0x00001503,0x00001504,0x00001507,0x000200f8,0x00001504,0x000300f7,0x000016ad,
	0x00000000,0x000300fb,0x00000072,0x0000168a,0x000200f8,0x0000168a,0x00050051,0x00000006,
	0x0000169f,0x00001def,0x00000000,0x000500c4,0x00000006,0x000016a1,0x0000169f,0x00000075,
	0x00050051,0x00000006,0x000016a3,0x00001def,0x00000001,0x000500c4,0x00000006,0x000016a5,
	0x000016a3,0x00000075,0x000500c2,0x00000006,0x000016aa,0x0000169f,0x00001d89,0x000500c5,
	0x00000006,0x000016ab,0x000016a5,0x000016aa,0x00050050,0x00000007,0x000016ac,0x000016a1,
	0x000016ab,0x000200f9,0x000016ad,0x000200f8,0x000016ad,0x000200f9,0x00001507,0x000200f8,
	0x00001507,0x000700f5,0x00000007,0x00001f19,0x00001def,0x00001501,0x000016ac,0x000016ad,
	0x000200f9,0x00001508,0x000200f8,0x00001508,0x00050080,0x00000006,0x0000150a,0x00001db0,
	0x000001d8,0x000200f9,0x000014ed,0x000200f8,0x0000150b,0x00050051,0x00000006,0x000016b2,
	0x00001db1,0x00000000,0x00050051,0x00000006,0x000016b4,0x00001db1,0x00000001,0x000500c5,
	0x00000006,0x000016b5,0x000016b2,0x000016b4,0x000500ab,0x00000009,0x0000150e,0x000016b5,
	0x00000072,0x000600a9,0x00000006,0x0000150f,0x0000150e,0x00000075,0x00000072,0x00050051,
	0x00000006,0x00001511,0x00001db3,0x00000000,0x000500c5,0x00000006,0x00001512,0x00001511,
	0x0000150f,0x00060052,0x00000007,0x00001d47,0x00001512,0x00001db3,0x00000000,0x000300f7,
	0x00001772,0x00000000,0x000300fb,0x00000072,0x000016dd,0x000200f8,0x000016dd,0x000200f9,
	0x000016de,0x000200f8,0x000016de,0x000700f5,0x0000002a,0x00001dbd,0x00001db5,0x000016dd,
	0x000016e7,0x000016e8,0x000700f5,0x00000007,0x00001db6,0x00001d47,0x000016dd,0x00001d54,
	0x000016e8,0x00050051,0x00000006,0x000016e1,0x00001db6,0x00000001,0x000500ae,0x00000009,
	0x000016e2,0x000016e1,0x000001d2,0x000400f6,0x000016e9,0x000016e8,0x00000000,0x000400fa,
	0x000016e2,0x000016e3,0x000016e9,0x000200f8,0x000016e3,0x000300f7,0x000017b8,0x00000000,
	0x000300fb,0x00000072,0x0000177e,0x000200f8,0x0000177e,0x000300f7,0x000017e9,0x00000000,
	0x000300fb,0x00000072,0x000017c6,0x000200f8,0x000017c6,0x00050051,0x00000006,0x000017db,
	0x00001db6,0x00000000,0x000500c2,0x00000006,0x000017dd,0x000017db,0x00000075,0x000500c4,
	0x00000006,0x000017e2,0x000016e1,0x00001d89,0x000500c5,0x00000006,0x000017e3,0x000017dd,
	0x000017e2,0x000500c2,0x00000006,0x000017e7,0x000016e1,0x00000075,0x00050050,0x00000007,
	0x000017e8,0x000017e3,0x000017e7,0x000200f9,0x000017e9,0x000200f8,0x000017e9,0x000500c7,
	0x00000006,0x000017ae,0x000017db,0x00000075,0x000500ab,0x00000009,0x000017af,0x000017ae,
	0x00000072,0x000600a9,0x00000006,0x000017b2,0x000017af,0x00000075,0x00000072,0x000500c5,
	0x00000006,0x000017b5,0x000017e3,0x000017b2,0x00060052,0x00000007,0x00001d54,0x000017b5,
	0x000017e8,0x00000000,0x000200f9,0x000017b8,0x000200f8,0x000017b8,0x00050080,0x0000002a,
	0x000016e7,0x00001dbd,0x000001d8,0x000200f9,0x000016e8,0x000200f8,0x000016e8,0x000200f9,
	0x000016de,0x000200f8,0x000016e9,0x000200f9,0x000016ea,0x000200f8,0x000016ea,0x000700f5,
	0x0000002a,0x00001dbc,0x00001dbd,0x000016e9,0x000016f3,0x000016f4,0x000700f5,0x00000007,
	0x00001db7,0x00001db6,0x000016e9,0x00001811,0x000016f4,0x00050051,0x00000006,0x000016ed,
	0x00001db7,0x00000001,0x000500b0,0x00000009,0x000016ee,0x000016ed,0x000001e2,0x000400f6,
	0x000016f5,0x000016f4,0x00000000,0x000400fa,0x000016ee,0x000016ef,0x000016f5,0x000200f8,
	0x000016ef,0x000300f7,0x00001812,0x00000000,0x000300fb,0x00000072,0x000017ef,0x000200f8,
	0x000017ef,0x00050051,0x00000006,0x00001804,0x00001db7,0x00000000,0x000500c4,0x00000006,
	0x00001806,0x00001804,0x00000075,0x000500c4,0x00000006,0x0000180a,0x000016ed,0x00000075,
	0x000500c2,0x00000006,0x0000180f,0x00001804,0x00001d89,0x000500c5,0x00000006,0x00001810,
	0x0000180a,0x0000180f,0x00050050,0x00000007,0x00001811,0x00001806,0x00001810,0x000200f9,
	0x00001812,0x000200f8,0x00001812,0x00050082,0x0000002a,0x000016f3,0x00001dbc,0x000001d8,
	0x000200f9,0x000016f4,0x000200f8,0x000016f4,0x000200f9,0x000016ea,0x000200f8,0x000016f5,
	0x000300f7,0x0000183b,0x00000000,0x000300fb,0x00000072,0x00001818,0x000200f8,0x00001818,
	0x00050051,0x00000006,0x0000182d,0x00001db7,0x00000000,0x000500c2,0x00000006,0x0000182f,
	0x0000182d,0x000001eb,0x000500c4,0x00000006,0x00001834,0x000016ed,0x00001d8b,0x000500c5,
	0x00000006,0x00001835,0x0000182f,0x00001834,0x000500c2,0x00000006,0x00001839,0x000016ed,
	0x000001eb,0x00050050,0x00000007,0x0000183a,0x00001835,0x00001839,0x000200f9,0x0000183b,
	0x000200f8,0x0000183b,0x000500c7,0x00000006,0x000016fa,0x0000182d,0x000001f2,0x000500ac,
	0x00000009,0x00001840,0x000016fa,0x00000198,0x000400a8,0x00000009,0x00001841,0x00001840,
	0x000300f7,0x0000184c,0x00000000,0x000400fa,0x00001841,0x00001842,0x0000184c,0x000200f8,
	0x00001842,0x000500aa,0x00000009,0x00001844,0x000016fa,0x00000198,0x000300f7,0x0000184a,
	0x00000000,0x000400fa,0x00001844,0x00001845,0x0000184a,0x000200f8,0x00001845,0x000500c7,
	0x00000006,0x00001848,0x00001835,0x00000075,0x000500ab,0x00000009,0x00001849,0x00001848,
	0x00000072,0x000200f9,0x0000184a,0x000200f8,0x0000184a,0x000700f5,0x00000009,0x0000184b,
	0x00001844,0x00001842,0x00001849,0x00001845,0x000200f9,0x0000184c,0x000200f8,0x0000184c,
	0x000700f5,0x00000009,0x0000184d,0x00001840,0x0000183b,0x0000184b,0x0000184a,0x000300f7,
	0x00001700,0x00000000,0x000400fa,0x0000184d,0x000016fd,0x00001700,0x000200f8,0x000016fd,
	0x00050080,0x00000006,0x00001855,0x00001835,0x00000075,0x000500b0,0x00000009,0x0000185f,
	0x00001855,0x00001835,0x000600a9,0x00000006,0x00001860,0x0000185f,0x00000075,0x00000072,
	0x00050080,0x00000006,0x00001861,0x00001839,0x00001860,0x00050050,0x00000007,0x00001862,
	0x00001855,0x00001861,0x000200f9,0x00001700,0x000200f8,0x00001700,0x000700f5,0x00000007,
	0x00001dbf,0x0000183a,0x0000184c,0x00001862,0x000016fd,0x00050051,0x00000006,0x00001703,
	0x00001dbf,0x00000001,0x000500aa,0x00000009,0x00001704,0x00001703,0x00000203,0x000600a9,
	0x0000002a,0x00001705,0x00001704,0x000001d8,0x00000205,0x00050080,0x0000002a,0x00001706,
	0x00001dbc,0x00001705,0x000500b1,0x00000009,0x00001708,0x00001706,0x0000018d,0x000500b1,
	0x00000009,0x0000170a,0x00001dbc,0x0000018d,0x000300f7,0x00001711,0x00000000,0x000400fa,
	0x0000170a,0x0000170b,0x00001711,0x000200f8,0x0000170b,0x00050082,0x0000002a,0x0000170d,
	0x0000018d,0x00001dbc,0x0004007c,0x00000006,0x0000170e,0x0000170d,0x000300f7,0x000018a7,
	0x00000000,0x000300fb,0x00000072,0x0000186d,0x000200f8,0x0000186d,0x000500aa,0x00000009,
	0x0000186f,0x0000170e,0x00000072,0x000300f7,0x00001872,0x00000000,0x000400fa,0x0000186f,
	0x00001870,0x00001872,0x000200f8,0x00001870,0x000200f9,0x000018a7,0x000200f8,0x00001872,
	0x000500ae,0x00000009,0x00001874,0x0000170e,0x000000c4,0x000300f7,0x0000187b,0x00000000,
	0x000400fa,0x00001874,0x00001875,0x0000187b,0x000200f8,0x00001875,0x000500c5,0x00000006,
	0x000018af,0x0000182d,0x000016ed,0x000500ab,0x00000009,0x00001878,0x000018af,0x00000072,
	0x000600a9,0x00000006,0x00001879,0x00001878,0x00000075,0x00000072,0x00050050,0x00000007,
	0x0000187a,0x00001879,0x00000072,0x000200f9,0x000018a7,0x000200f8,0x0000187b,0x000300f7,
	0x000018d8,0x00000000,0x000300fb,0x00000072,0x000018b5,0x000200f8,0x000018b5,0x000300f7,
	0x000018ba,0x00000000,0x000400fa,0x0000186f,0x000018b8,0x000018ba,0x000200f8,0x000018b8,
	0x000200f9,0x000018d8,0x000200f8,0x000018ba,0x000300f7,0x000018be,0x00000000,0x000400fa,
	0x00001874,0x000018bd,0x000018be,0x000200f8,0x000018bd,0x000200f9,0x000018d8,0x000200f8,
	0x000018be,0x000500ae,0x00000009,0x000018c0,0x0000170e,0x000000cb,0x000300f7,0x000018c8,
	0x00000000,0x000400fa,0x000018c0,0x000018c1,0x000018c8,0x000200f8,0x000018c1,0x00050082,
	0x00000006,0x000018c5,0x0000170e,0x000000cb,0x000500c2,0x00000006,0x000018c6,0x000016ed,
	0x000018c5,0x00050050,0x00000007,0x000018c7,0x000018c6,0x00000072,0x000200f9,0x000018d8,
	0x000200f8,0x000018c8,0x000500c2,0x00000006,0x000018cc,0x0000182d,0x0000170e,0x00050082,
	0x00000006,0x000018d0,0x000000cb,0x0000170e,0x000500c4,0x00000006,0x000018d1,0x000016ed,
	0x000018d0,0x000500c5,0x00000006,0x000018d2,0x000018cc,0x000018d1,0x000500c2,0x00000006,
	0x000018d6,0x000016ed,0x0000170e,0x00050050,0x00000007,0x000018d7,0x000018d2,0x000018d6,
	0x000200f9,0x000018d8,0x000200f8,0x000018d8,0x000b00f5,0x00000007,0x00001dc3,0x00001db7,
	0x000018b8,0x000000c8,0x000018bd,0x000018c7,0x000018c1,0x000018d7,0x000018c8,0x000500ae,
	0x00000009,0x00001880,0x0000170e,0x000000cb,0x000300f7,0x0000189f,0x00000000,0x000400fa,
	0x00001880,0x00001881,0x00001897,0x000200f8,0x00001897,0x000500c4,0x00000006,0x0000189b,
	0x00000075,0x0000170e,0x00050082,0x00000006,0x0000189c,0x0000189b,0x00000075,0x000500c7,
	0x00000006,0x0000189d,0x0000182d,0x0000189c,0x000500ab,0x00000009,0x0000189e,0x0000189d,
	0x00000072,0x000200f9,0x0000189f,0x000200f8,0x00001881,0x00050082,0x00000006,0x00001883,
	0x0000170e,0x000000cb,0x000500ab,0x00000009,0x00001886,0x0000182d,0x00000072,0x000400a8,
	0x00000009,0x00001887,0x00001886,0x000300f7,0x00001895,0x00000000,0x000400fa,0x00001887,
	0x00001888,0x00001895,0x000200f8,0x00001888,0x000500ab,0x00000009,0x0000188a,0x00001883,
	0x00000072,0x000300f7,0x00001893,0x00000000,0x000400fa,0x0000188a,0x0000188b,0x00001893,
	0x000200f8,0x0000188b,0x000500c4,0x00000006,0x0000188f,0x00000075,0x00001883,0x00050082,
	0x00000006,0x00001890,0x0000188f,0x00000075,0x000500c7,0x00000006,0x00001891,0x000016ed,
	0x00001890,0x000500ab,0x00000009,0x00001892,0x00001891,0x00000072,0x000200f9,0x00001893,
	0x000200f8,0x00001893,0x000700f5,0x00000009,0x00001894,0x0000188a,0x00001888,0x00001892,
	0x0000188b,0x000200f9,0x00001895,0x000200f8,0x00001895,0x000700f5,0x00000009,0x00001896,
	0x00001886,0x00001881,0x00001894,0x00001893,0x000200f9,0x0000189f,0x000200f8,0x0000189f,
	0x000700f5,0x00000009,0x00001dc4,0x0000189e,0x00001897,0x00001896,0x00001895,0x000600a9,
	0x00000006,0x000018a1,0x00001dc4,0x00000075,0x00000072,0x00050051,0x00000006,0x000018a3,
	0x00001dc3,0x00000000,0x000500c5,0x00000006,0x000018a4,0x000018a3,0x000018a1,0x00060052,
	0x00000007,0x00001d71,0x000018a4,0x00001dc3,0x00000000,0x000200f9,0x000018a7,0x000200f8,
	0x000018a7,0x000900f5,0x00000007,0x00001dc8,0x00001db7,0x00001870,0x0000187a,0x00001875,
	0x00001d71,0x0000189f,0x000200f9,0x00001711,0x000200f8,0x00001711,0x000700f5,0x00000007,
	0x00001dc9,0x00001db7,0x00001700,0x00001dc8,0x000018a7,0x000600a9,0x0000002a,0x00001f26,
	0x0000170a,0x0000018d,0x00001dbc,0x00050051,0x00000006,0x00001713,0x00001dc9,0x00000000,
	0x000500c7,0x00000006,0x00001714,0x00001713,0x000001f2,0x000300f7,0x00001901,0x00000000,
	0x000300fb,0x00000072,0x000018de,0x000200f8,0x000018de,0x000500c2,0x00000006,0x000018f5,
	0x00001713,0x000001eb,0x00050051,0x00000006,0x000018f7,0x00001dc9,0x00000001,0x000500c4,
	0x00000006,0x000018fa,0x000018f7,0x00001d8b,0x000500c5,0x00000006,0x000018fb,0x000018f5,
	0x000018fa,0x000500c2,0x00000006,0x000018ff,0x000018f7,0x000001eb,0x00050050,0x00000007,
	0x00001900,0x000018fb,0x000018ff,0x000200f9,0x00001901,0x000200f8,0x00001901,0x000500ab,
	0x00000009,0x00001718,0x00001714,0x00000072,0x000500ac,0x00000009,0x00001906,0x00001714,
	0x00000198,0x000400a8,0x00000009,0x00001907,0x00001906,0x000300f7,0x00001912,0x00000000,
	0x000400fa,0x00001907,0x00001908,0x00001912,0x000200f8,0x00001908,0x000500aa,0x00000009,
	0x0000190a,0x00001714,0x00000198,0x000300f7,0x00001910,0x00000000,0x000400fa,0x0000190a,
	0x0000190b,0x00001910,0x000200f8,0x0000190b,0x000500c7,0x00000006,0x0000190e,0x000018fb,
	0x00000075,0x000500ab,0x00000009,0x0000190f,0x0000190e,0x00000072,0x000200f9,0x00001910,
	0x000200f8,0x00001910,0x000700f5,0x00000009,0x00001911,0x0000190a,0x00001908,0x0000190f,
	0x0000190b,0x000200f9,0x00001912,0x000200f8,0x00001912,0x000700f5,0x00000009,0x00001913,
	0x00001906,0x00001901,0x00001911,0x00001910,0x000300f7,0x0000171f,0x00000000,0x000400fa,
	0x00001913,0x0000171c,0x0000171f,0x000200f8,0x0000171c,0x00050080,0x00000006,0x0000191b,
	0x000018fb,0x00000075,0x000500b0,0x00000009,0x00001925,0x0000191b,0x000018fb,0x000600a9,
	0x00000006,0x00001926,0x00001925,0x00000075,0x00000072,0x00050080,0x00000006,0x00001927,
	0x000018ff,0x00001926,0x00050050,0x00000007,0x00001928,0x0000191b,0x00001927,0x000200f9,
	0x0000171f,0x000200f8,0x0000171f,0x000700f5,0x00000007,0x00001dd0,0x00001900,0x00001912,
	0x00001928,0x0000171c,0x000500aa,0x00000009,0x00001721,0x00001f26,0x0000018d,0x000300f7,
	0x00001726,0x00000000,0x000400fa,0x00001721,0x00001722,0x00001726,0x000200f8,0x00001722,
	0x00050051,0x00000006,0x00001724,0x00001dd0,0x00000001,0x000500b0,0x00000009,0x00001725,
	0x00001724,0x0000017e,0x000200f9,0x00001726,0x000200f8,0x00001726,0x000700f5,0x00000009,
	0x00001727,0x00001721,0x0000171f,0x00001725,0x00001722,0x000300f7,0x00001755,0x00000000,
	0x000400fa,0x00001727,0x00001728,0x00001734,0x000200f8,0x00001734,0x00050051,0x00000006,
	0x00001736,0x00001dd0,0x00000001,0x000500ae,0x00000009,0x00001737,0x00001736,0x00000203,
	0x000300f7,0x0000173d,0x00000000,0x000400fa,0x00001737,0x00001738,0x0000173d,0x000200f8,
	0x00001738,0x000300f7,0x00001958,0x00000000,0x000300fb,0x00000072,0x00001935,0x000200f8,
	0x00001935,0x00050051,0x00000006,0x0000194a,0x00001dd0,0x00000000,0x000500c2,0x00000006,
	0x0000194c,0x0000194a,0x00000075,0x000500c4,0x00000006,0x00001951,0x00001736,0x00001d89,
	0x000500c5,0x00000006,0x00001952,0x0000194c,0x00001951,0x000500c2,0x00000006,0x00001956,
	0x00001736,0x00000075,0x00050050,0x00000007,0x00001957,0x00001952,0x00001956,0x000200f9,
	0x00001958,0x000200f8,0x00001958,0x00050080,0x0000002a,0x0000173c,0x00001f26,0x000001d8,
	0x000200f9,0x0000173d,0x000200f8,0x0000173d,0x000700f5,0x00000007,0x00001dd4,0x00001dd0,
	0x00001734,0x00001957,0x00001958,0x000700f5,0x0000002a,0x00001dd3,0x00001f26,0x00001734,
	0x0000173c,0x00001958,0x000500ad,0x00000009,0x0000173f,0x00001dd3,0x00000191,0x000300f7,
	0x00001746,0x00000000,0x000400fa,0x0000173f,0x00001740,0x00001746,0x000200f8,0x00001740,
	0x000500c4,0x00000006,0x00001742,0x000014ab,0x00000185,0x000500c5,0x00000006,0x00001743,
	0x00001742,0x00000259,0x00050050,0x00000007,0x00001744,0x00000256,0x00001743,0x000200f9,
	0x00001772,0x000200f8,0x00001746,0x00050051,0x00000006,0x00001748,0x00001dd4,0x00000000,
	0x000500c4,0x00000006,0x0000174a,0x000014ab,0x00000185,0x00050080,0x0000002a,0x0000174c,
	0x00001dd3,0x00000191,0x0004007c,0x00000006,0x0000174d,0x0000174c,0x000500c4,0x00000006,
	0x0000174e,0x0000174d,0x0000016e,0x000500c5,0x00000006,0x0000174f,0x0000174a,0x0000174e,
	0x00050051,0x00000006,0x00001751,0x00001dd4,0x00000001,0x000500c7,0x00000006,0x00001752,
	0x00001751,0x00000177,0x000500c5,0x00000006,0x00001753,0x0000174f,0x00001752,0x00050050,
	0x00000007,0x00001754,0x00001748,0x00001753,0x000200f9,0x00001755,0x000200f8,0x00001728,
	0x00050051,0x00000006,0x0000172a,0x00001dd0,0x00000000,0x000500c4,0x00000006,0x0000172c,
	0x000014ab,0x00000185,0x00050051,0x00000006,0x0000172e,0x00001dd0,0x00000001,0x000500c5,
	0x00000006,0x0000172f,0x0000172c,0x0000172e,0x00050050,0x00000007,0x00001730,0x0000172a,
	0x0000172f,0x000500c5,0x00000006,0x0000192f,0x0000172a,0x0000172e,0x000500ab,0x00000009,
	0x00001733,0x0000192f,0x00000072,0x000200f9,0x00001755,0x000200f8,0x00001755,0x000700f5,
	0x00000007,0x00001ddc,0x00001754,0x00001746,0x00001730,0x00001728,0x000700f5,0x00000009,
	0x00001dd5,0x0000022e,0x00001746,0x00001733,0x00001728,0x000300f7,0x00001767,0x00000000,
	0x000400fa,0x0000026d,0x00001756,0x0000175a,0x000200f8,0x0000175a,0x000300f7,0x00001765,
	0x00000000,0x000400fa,0x00000275,0x0000175b,0x00001764,0x000200f8,0x00001764,0x000200f9,
	0x00001765,0x000200f8,0x0000175b,0x000400a8,0x00000009,0x0000175d,0x00001dd5,0x000300f7,
	0x00001762,0x00000000,0x000400fa,0x0000175d,0x0000175e,0x00001762,0x000200f8,0x0000175e,
	0x000500a7,0x00000009,0x00001761,0x00001708,0x00001718,0x000200f9,0x00001762,0x000200f8,
	0x00001762,0x000700f5,0x00000009,0x00001763,0x00001dd5,0x0000175b,0x00001761,0x0000175e,
	0x000200f9,0x00001765,0x000200f8,0x00001765,0x000700f5,0x00000009,0x00001dd8,0x0000022e,
	0x00001764,0x00001763,0x00001762,0x000200f9,0x00001767,0x000200f8,0x00001756,0x000500a7,
	0x00000009,0x00001759,0x00001708,0x00001718,0x000200f9,0x00001767,0x000200f8,0x00001767,
	0x000700f5,0x00000009,0x00001dd9,0x00001dd8,0x00001765,0x00001759,0x00001756,0x000200f9,
	0x00001770,0x000200f8,0x00001770,0x000600a9,0x00000006,0x00001f27,0x00001dd9,0x000001c3,
	0x00000072,0x000200f9,0x00001772,0x000200f8,0x00001772,0x000700f5,0x00000007,0x00001de1,
	0x00001744,0x00001740,0x00001ddc,0x00001770,0x000700f5,0x00000006,0x00001de0,0x000001eb,
	0x00001740,0x00001f27,0x00001770,0x000200f9,0x00001518,0x000200f8,0x00001518,0x000900f5,
	0x00000007,0x00001df2,0x000000c8,0x000014af,0x000014b8,0x000014b5,0x00001de1,0x00001772,
	0x000900f5,0x00000006,0x00001df1,0x00000198,0x000014af,0x00000072,0x000014b5,0x00001de0,
	0x00001772,0x000200f9,0x0000055a,0x000200f8,0x00000559,0x000300f7,0x00001063,0x00000000,
	0x000300fb,0x00000072,0x00001025,0x000200f8,0x00001025,0x00050051,0x00000006,0x0000106f,
	0x00001d90,0x00000000,0x000500c7,0x00000006,0x00001072,0x0000052f,0x00000177,0x00050050,
	0x00000007,0x00001073,0x0000106f,0x00001072,0x000500ab,0x00000009,0x00001075,0x00000531,
	0x00000072,0x000300f7,0x0000107b,0x00000000,0x000400fa,0x00001075,0x00001076,0x0000107b,
	0x000200f8,0x00001076,0x000500c5,0x00000006,0x00001079,0x00001072,0x0000017e,0x00060052,
	0x00000007,0x00001cad,0x00001079,0x00001073,0x00000001,0x000200f9,0x0000107b,0x000200f8,
	0x0000107b,0x000700f5,0x00000007,0x00001df3,0x00001073,0x00001025,0x00001cad,0x00001076,
	0x000500c2,0x00000006,0x0000107e,0x0000052f,0x00000185,0x000500aa,0x00000009,0x00001081,
	0x00000531,0x00000072,0x000300f7,0x00001087,0x00000000,0x000400fa,0x00001081,0x00001082,
	0x00001083,0x000200f8,0x00001083,0x0004007c,0x0000002a,0x00001085,0x00000531,0x00050082,
	0x0000002a,0x00001086,0x00001085,0x00000191,0x000200f9,0x00001087,0x000200f8,0x00001082,
	0x000200f9,0x00001087,0x000200f8,0x00001087,0x000700f5,0x0000002a,0x00001df4,0x00001086,
	0x00001083,0x0000018d,0x00001082,0x00050051,0x00000006,0x00001090,0x00001d91,0x00000001,
	0x000500c2,0x00000006,0x00001091,0x00001090,0x0000016e,0x000500c7,0x00000006,0x00001092,
	0x00001091,0x00000170,0x00050051,0x00000006,0x00001094,0x00001d91,0x00000000,0x000500c7,
	0x00000006,0x00001097,0x00001090,0x00000177,0x00050050,0x00000007,0x00001098,0x00001094,
	0x00001097,0x000500ab,0x00000009,0x0000109a,0x00001092,0x00000072,0x000300f7,0x000010a0,
	0x00000000,0x000400fa,0x0000109a,0x0000109b,0x000010a0,0x000200f8,0x0000109b,0x000500c5,
	0x00000006,0x0000109e,0x00001097,0x0000017e,0x00060052,0x00000007,0x00001cb4,0x0000109e,
	0x00001098,0x00000001,0x000200f9,0x000010a0,0x000200f8,0x000010a0,0x000700f5,0x00000007,
	0x00001df5,0x00001098,0x00001087,0x00001cb4,0x0000109b,0x000500c2,0x00000006,0x000010a3,
	0x00001090,0x00000185,0x000500aa,0x00000009,0x000010a6,0x00001092,0x00000072,0x000300f7,
	0x000010ac,0x00000000,0x000400fa,0x000010a6,0x000010a7,0x000010a8,0x000200f8,0x000010a8,
	0x0004007c,0x0000002a,0x000010aa,0x00001092,0x00050082,0x0000002a,0x000010ab,0x000010aa,
	0x00000191,0x000200f9,0x000010ac,0x000200f8,0x000010a7,0x000200f9,0x000010ac,0x000200f8,
	0x000010ac,0x000700f5,0x0000002a,0x00001df6,0x000010ab,0x000010a8,0x0000018d,0x000010a7,
	0x000500c6,0x00000006,0x0000102e,0x0000107e,0x000010a3,0x00050051,0x00000006,0x000010b2,
	0x00001df3,0x00000000,0x00050051,0x00000006,0x000010b4,0x00001df3,0x00000001,0x000500c5,
	0x00000006,0x000010b5,0x000010b2,0x000010b4,0x000500aa,0x00000009,0x000010b6,0x000010b5,
	0x00000072,0x000400a8,0x00000009,0x00001032,0x000010b6,0x000300f7,0x00001037,0x00000000,
	0x000400fa,0x00001032,0x00001033,0x00001037,0x000200f8,0x00001033,0x00050051,0x00000006,
	0x000010ba,0x00001df5,0x00000000,0x00050051,0x00000006,0x000010bc,0x00001df5,0x00000001,
	0x000500c5,0x00000006,0x000010bd,0x000010ba,0x000010bc,0x000500aa,0x00000009,0x000010be,
	0x000010bd,0x00000072,0x000200f9,0x00001037,0x000200f8,0x00001037,0x000700f5,0x00000009,
	0x00001038,0x000010b6,0x000010ac,0x000010be,0x00001033,0x000300f7,0x0000103e,0x00000000,
	0x000400fa,0x00001038,0x00001039,0x0000103e,0x000200f8,0x00001039,0x000500c4,0x00000006,
	0x0000103b,0x0000102e,0x00000185,0x00050050,0x00000007,0x0000103c,0x00000072,0x0000103b,
	0x000200f9,0x00001063,0x000200f8,0x0000103e,0x0003003e,0x00001015,0x00001df3,0x0003003e,
	0x00001016,0x00001df5,0x000200f9,0x000010d0,0x000200f8,0x000010d0,0x000700f5,0x00000053,
	0x00001df8,0x00000351,0x0000103e,0x00001e3d,0x000010f4,0x000700f5,0x00000006,0x00001df7,
	0x00000072,0x0000103e,0x000010f6,0x000010f4,0x000500b0,0x00000009,0x000010d3,0x00001df7,
	0x000001c3,0x000400f6,0x000010f7,0x000010f4,0x00000000,0x000400fa,0x000010d3,0x000010d4,
	0x000010f7,0x000200f8,0x000010d4,0x000200f9,0x000010d5,0x000200f8,0x000010d5,0x000700f5,
	0x00000053,0x00001e3d,0x00001df8,0x000010d4,0x0000113a,0x000010f0,0x000700f5,0x00000006,
	0x00001e3b,0x00000072,0x000010d4,0x000010f2,0x000010f0,0x000500b0,0x00000009,0x000010d8,
	0x00001e3b,0x000001c3,0x000400f6,0x000010f3,0x000010f0,0x00000000,0x000400fa,0x000010d8,
	0x000010d9,0x000010f3,0x000200f8,0x000010d9,0x00050041,0x0000001c,0x000010db,0x00001015,
	0x00001df7,0x0004003d,0x00000006,0x000010dc,0x000010db,0x00050041,0x0000001c,0x000010de,
	0x00001016,0x00001e3b,0x0004003d,0x00000006,0x000010df,0x000010de,0x00050097,0x0000036a,
	0x000010e0,0x000010dc,0x000010df,0x00050051,0x00000006,0x000010e1,0x000010e0,0x00000000,
	0x00050051,0x00000006,0x000010e2,0x000010e0,0x00000001,0x00050080,0x00000006,0x000010e5,
	0x00001df7,0x00001e3b,0x0003003e,0x000010c8,0x00001e3d,0x000200f9,0x000010fe,0x000200f8,
	0x000010fe,0x000700f5,0x00000006,0x00001e3f,0x000010e1,0x000010d9,0x00001114,0x00001105,
	0x000700f5,0x00000006,0x00001e3e,0x000010e5,0x000010d9,0x00001117,0x00001105,0x000500b0,
	0x00000009,0x00001101,0x00001e3e,0x00000198,0x000500ab,0x00000009,0x00001103,0x00001e3f,
	0x00000072,0x000500a7,0x00000009,0x00001104,0x00001101,0x00001103,0x000400f6,0x00001118,
	0x00001105,0x00000000,0x000400fa,0x00001104,0x00001105,0x00001118,0x000200f8,0x00001105,
	0x00050041,0x0000001c,0x00001107,0x000010c8,0x00001e3e,0x0004003d,0x00000006,0x00001108,
	0x00001107,0x0004003d,0x00000006,0x0000110c,0x00001107,0x00050080,0x00000006,0x0000110d,
	0x0000110c,0x00001e3f,0x0003003e,0x00001107,0x0000110d,0x0004003d,0x00000006,0x00001111,
	0x00001107,0x000500b0,0x00000009,0x00001113,0x00001111,0x00001108,0x000600a9,0x00000006,
	0x00001114,0x00001113,0x00000075,0x00000072,0x00050080,0x00000006,0x00001117,0x00001e3e,
	0x000001d8,0x000200f9,0x000010fe,0x000200f8,0x00001118,0x0004003d,0x00000053,0x00001119,
	0x000010c8,0x00050080,0x00000006,0x000010ec,0x000010e5,0x00000075,0x0003003e,0x000010cb,
	0x00001119,0x000200f9,0x0000111f,0x000200f8,0x0000111f,0x000700f5,0x00000006,0x00001e43,
	0x000010e2,0x00001118,0x00001135,0x00001126,0x000700f5,0x00000006,0x00001e42,0x000010ec,
	0x00001118,0x00001138,0x00001126,0x000500b0,0x00000009,0x00001122,0x00001e42,0x00000198,
	0x000500ab,0x00000009,0x00001124,0x00001e43,0x00000072,0x000500a7,0x00000009,0x00001125,
	0x00001122,0x00001124,0x000400f6,0x00001139,0x00001126,0x00000000,0x000400fa,0x00001125,
	0x00001126,0x00001139,0x000200f8,0x00001126,0x00050041,0x0000001c,0x00001128,0x000010cb,
	0x00001e42,0x0004003d,0x00000006,0x00001129,0x00001128,0x0004003d,0x00000006,0x0000112d,
	0x00001128,0x00050080,0x00000006,0x0000112e,0x0000112d,0x00001e43,0x0003003e,0x00001128,
	0x0000112e,0x0004003d,0x00000006,0x00001132,0x00001128,0x000500b0,0x00000009,0x00001134,
	0x00001132,0x00001129,0x000600a9,0x00000006,0x00001135,0x00001134,0x00000075,0x00000072,
	0x00050080,0x00000006,0x00001138,0x00001e42,0x000001d8,0x000200f9,0x0000111f,0x000200f8,
	0x00001139,0x0004003d,0x00000053,0x0000113a,0x000010cb,0x000200f9,0x000010f0,0x000200f8,
	0x000010f0,0x00050080,0x00000006,0x000010f2,0x00001e3b,0x000001d8,0x000200f9,0x000010d5,
	0x000200f8,0x000010f3,0x000200f9,0x000010f4,0x000200f8,0x000010f4,0x00050080,0x00000006,
	0x000010f6,0x00001df7,0x000001d8,0x000200f9,0x000010d0,0x000200f8,0x000010f7,0x0003003e,
	0x00001018,0x00001df8,0x000300f7,0x00001159,0x00000000,0x000300fb,0x00000072,0x00001140,
	0x000200f8,0x00001140,0x000200f9,0x00001141,0x000200f8,0x00001141,0x000700f5,0x0000002a,
	0x00001df9,0x00000389,0x00001140,0x00001155,0x00001153,0x000500af,0x00000009,0x00001144,
	0x00001df9,0x00000205,0x000400f6,0x00001156,0x00001153,0x00000000,0x000400fa,0x00001144,
	0x00001145,0x00001156,0x000200f8,0x00001145,0x00050041,0x0000001c,0x00001147,0x00001018,
	0x00001df9,0x0004003d,0x00000006,0x00001148,0x00001147,0x000500ab,0x00000009,0x00001149,
	0x00001148,0x00000072,0x000300f7,0x00001152,0x00000000,0x000400fa,0x00001149,0x0000114a,
	0x00001152,0x000200f8,0x0000114a,0x00050084,0x0000002a,0x0000114c,0x00001df9,0x00000157,
	0x0004003d,0x00000006,0x0000114f,0x00001147,0x0006000c,0x0000002a,0x00001150,0x00000001,
	0x0000004b,0x0000114f,0x00050080,0x0000002a,0x00001151,0x0000114c,0x00001150,0x000200f9,
	0x00001156,0x000200f8,0x00001152,0x000200f9,0x00001153,0x000200f8,0x00001153,0x00050082,
	0x0000002a,0x00001155,0x00001df9,0x000001d8,0x000200f9,0x00001141,0x000200f8,0x00001156,
	0x000700f5,0x0000002a,0x00001dfd,0x00001e08,0x00001141,0x00001151,0x0000114a,0x000700f5,
	0x00000009,0x00001dfa,0x0000022e,0x00001141,0x00000550,0x0000114a,0x000300f7,0x00001158,
	0x00000000,0x000400fa,0x00001dfa,0x00001159,0x00001158,0x000200f8,0x00001158,0x000200f9,
	0x00001159,0x000200f8,0x00001159,0x000700f5,0x0000002a,0x00001dfc,0x00001dfd,0x00001156,
	0x000003a1,0x00001158,0x00050080,0x0000002a,0x0000104a,0x00001df4,0x00001df6,0x00050080,
	0x0000002a,0x0000104c,0x0000104a,0x00001dfc,0x00050082,0x0000002a,0x0000104d,0x0000104c,
	0x00000428,0x000500ad,0x00000009,0x0000104f,0x00001dfc,0x0000042c,0x000300f7,0x0000105d,
	0x00000000,0x000400fa,0x0000104f,0x00001050,0x00001056,0x000200f8,0x00001056,0x00050082,
	0x0000002a,0x00001058,0x0000042c,0x00001dfc,0x0004007c,0x00000006,0x00001059,0x00001058,
	0x0007004f,0x00000007,0x0000105b,0x00001df8,0x00001df8,0x00000000,0x00000001,0x000300f7,
	0x000011d0,0x00000000,0x000300fb,0x00000072,0x000011ad,0x000200f8,0x000011ad,0x000500aa,
	0x00000009,0x000011af,0x00001059,0x00000072,0x000300f7,0x000011b2,0x00000000,0x000400fa,
	0x000011af,0x000011b0,0x000011b2,0x000200f8,0x000011b0,0x000200f9,0x000011d0,0x000200f8,
	0x000011b2,0x000500ae,0x00000009,0x000011b4,0x00001059,0x000000c4,0x000300f7,0x000011b6,
	0x00000000,0x000400fa,0x000011b4,0x000011b5,0x000011b6,0x000200f8,0x000011b5,0x000200f9,
	0x000011d0,0x000200f8,0x000011b6,0x000500ae,0x00000009,0x000011b8,0x00001059,0x000000cb,
	0x000300f7,0x000011c0,0x00000000,0x000400fa,0x000011b8,0x000011b9,0x000011c0,0x000200f8,
	0x000011b9,0x00050051,0x00000006,0x000011bb,0x00001df8,0x00000000,0x00050082,0x00000006,
	0x000011bd,0x00001059,0x000000cb,0x000500c4,0x00000006,0x000011be,0x000011bb,0x000011bd,
	0x00050050,0x00000007,0x000011bf,0x00000072,0x000011be,0x000200f9,0x000011d0,0x000200f8,
	0x000011c0,0x00050051,0x00000006,0x000011c2,0x00001df8,0x00000000,0x000500c4,0x00000006,
	0x000011c4,0x000011c2,0x00001059,0x00050051,0x00000006,0x000011c6,0x00001df8,0x00000001,
	0x000500c4,0x00000006,0x000011c8,0x000011c6,0x00001059,0x00050082,0x00000006,0x000011cc,
	0x000000cb,0x00001059,0x000500c2,0x00000006,0x000011cd,0x000011c2,0x000011cc,0x000500c5,
	0x00000006,0x000011ce,0x000011c8,0x000011cd,0x00050050,0x00000007,0x000011cf,0x000011c4,
	0x000011ce,0x000200f9,0x000011d0,0x000200f8,0x000011d0,0x000b00f5,0x00000007,0x00001e09,
	0x0000105b,0x000011b0,0x000000c8,0x000011b5,0x000011bf,0x000011b9,0x000011cf,0x000011c0,
	0x000200f9,0x0000105d,0x000200f8,0x00001050,0x00050082,0x0000002a,0x00001052,0x00001dfc,
	0x0000042c,0x0004007c,0x00000006,0x00001053,0x00001052,0x0003003e,0x0000101c,0x00001df8,
	0x00050086,0x00000006,0x00001162,0x00001053,0x000000cb,0x00050089,0x00000006,0x00001164,
	0x00001053,0x000000cb,0x00050041,0x0000001c,0x00001166,0x0000101c,0x00001162,0x0004003d,
	0x00000006,0x00001167,0x00001166,0x00050080,0x00000006,0x00001169,0x00001162,0x00000075,
	0x00050041,0x0000001c,0x0000116a,0x0000101c,0x00001169,0x0004003d,0x00000006,0x0000116b,
	0x0000116a,0x00050050,0x00000007,0x0000116c,0x00001167,0x0000116b,0x000500ab,0x00000009,
	0x0000116e,0x00001162,0x00000072,0x000300f7,0x00001173,0x00000000,0x000400fa,0x0000116e,
	0x0000116f,0x00001173,0x000200f8,0x0000116f,0x00050041,0x0000001c,0x00001170,0x0000101c,
	0x00000072,0x0004003d,0x00000006,0x00001171,0x00001170,0x000500ab,0x00000009,0x00001172,
	0x00001171,0x00000072,0x000200f9,0x00001173,0x000200f8,0x00001173,0x000700f5,0x00000009,
	0x00001174,0x0000116e,0x00001050,0x00001172,0x0000116f,0x000500ab,0x00000009,0x00001176,
	0x00001164,0x00000072,0x000300f7,0x000011a1,0x00000000,0x000400fa,0x00001176,0x00001177,
	0x000011a1,0x000200f8,0x00001177,0x0004003d,0x00000006,0x0000117a,0x00001166,0x000500c2,
	0x00000006,0x0000117c,0x0000117a,0x00001164,0x0004003d,0x00000006,0x00001180,0x0000116a,
	0x00050082,0x00000006,0x00001182,0x000000cb,0x00001164,0x000500c4,0x00000006,0x00001183,
	0x00001180,0x00001182,0x000500c5,0x00000006,0x00001184,0x0000117c,0x00001183,0x0004003d,
	0x00000006,0x00001188,0x0000116a,0x000500c2,0x00000006,0x0000118a,0x00001188,0x00001164,
	0x00050080,0x00000006,0x0000118c,0x00001162,0x000001c3,0x00050041,0x0000001c,0x0000118d,
	0x0000101c,0x0000118c,0x0004003d,0x00000006,0x0000118e,0x0000118d,0x000500c4,0x00000006,
	0x00001191,0x0000118e,0x00001182,0x000500c5,0x00000006,0x00001192,0x0000118a,0x00001191,
	0x00050050,0x00000007,0x00001193,0x00001184,0x00001192,0x000400a8,0x00000009,0x00001195,
	0x00001174,0x000300f7,0x0000119f,0x00000000,0x000400fa,0x00001195,0x00001196,0x0000119f,
	0x000200f8,0x00001196,0x0004003d,0x00000006,0x00001199,0x00001166,0x000500c4,0x00000006,
	0x0000119b,0x00000075,0x00001164,0x00050082,0x00000006,0x0000119c,0x0000119b,0x00000075,
	0x000500c7,0x00000006,0x0000119d,0x00001199,0x0000119c,0x000500ab,0x00000009,0x0000119e,
	0x0000119d,0x00000072,0x000200f9,0x0000119f,0x000200f8,0x0000119f,0x000700f5,0x00000009,
	0x000011a0,0x00001174,0x00001177,0x0000119e,0x00001196,0x000200f9,0x000011a1,0x000200f8,
	0x000011a1,0x000700f5,0x00000007,0x00001e0b,0x0000116c,0x00001173,0x00001193,0x0000119f,
	0x000700f5,0x00000009,0x00001e0a,0x00001174,0x00001173,0x000011a0,0x0000119f,0x000600a9,
	0x00000006,0x000011a3,0x00001e0a,0x00000075,0x00000072,0x00050051,0x00000006,0x000011a5,
	0x00001e0b,0x00000000,0x000500c5,0x00000006,0x000011a6,0x000011a5,0x000011a3,0x00060052,
	0x00000007,0x00001cbc,0x000011a6,0x00001e0b,0x00000000,0x000200f9,0x0000105d,0x000200f8,
	0x0000105d,0x000700f5,0x00000007,0x00001e0e,0x00001e09,0x000011d0,0x00001cbc,0x000011a1,
	0x000300f7,0x0000128d,0x00000000,0x000300fb,0x00000072,0x000011f8,0x000200f8,0x000011f8,
	0x000200f9,0x000011f9,0x000200f8,0x000011f9,0x000700f5,0x0000002a,0x00001e16,0x0000104d,
	0x000011f8,0x00001202,0x00001203,0x000700f5,0x00000007,0x00001e0f,0x00001e0e,0x000011f8,
	0x00001ccd,0x00001203,0x00050051,0x00000006,0x000011fc,0x00001e0f,0x00000001,0x000500ae,
	0x00000009,0x000011fd,0x000011fc,0x000001d2,0x000400f6,0x00001204,0x00001203,0x00000000,
	0x000400fa,0x000011fd,0x000011fe,0x00001204,0x000200f8,0x000011fe,0x000300f7,0x000012d3,
	0x00000000,0x000300fb,0x00000072,0x00001299,0x000200f8,0x00001299,0x000300f7,0x00001304,
	0x00000000,0x000300fb,0x00000072,0x000012e1,0x000200f8,0x000012e1,0x00050051,0x00000006,
	0x000012f6,0x00001e0f,0x00000000,0x000500c2,0x00000006,0x000012f8,0x000012f6,0x00000075,
	0x000500c4,0x00000006,0x000012fd,0x000011fc,0x00001d89,0x000500c5,0x00000006,0x000012fe,
	0x000012f8,0x000012fd,0x000500c2,0x00000006,0x00001302,0x000011fc,0x00000075,0x00050050,
	0x00000007,0x00001303,0x000012fe,0x00001302,0x000200f9,0x00001304,0x000200f8,0x00001304,
	0x000500c7,0x00000006,0x000012c9,0x000012f6,0x00000075,0x000500ab,0x00000009,0x000012ca,
	0x000012c9,0x00000072,0x000600a9,0x00000006,0x000012cd,0x000012ca,0x00000075,0x00000072,
	0x000500c5,0x00000006,0x000012d0,0x000012fe,0x000012cd,0x00060052,0x00000007,0x00001ccd,
	0x000012d0,0x00001303,0x00000000,0x000200f9,0x000012d3,0x000200f8,0x000012d3,0x00050080,
	0x0000002a,0x00001202,0x00001e16,0x000001d8,0x000200f9,0x00001203,0x000200f8,0x00001203,
	0x000200f9,0x000011f9,0x000200f8,0x00001204,0x000200f9,0x00001205,0x000200f8,0x00001205,
	0x000700f5,0x0000002a,0x00001e15,0x00001e16,0x00001204,0x0000120e,0x0000120f,0x000700f5,
	0x00000007,0x00001e10,0x00001e0f,0x00001204,0x0000132c,0x0000120f,0x00050051,0x00000006,
	0x00001208,0x00001e10,0x00000001,0x000500b0,0x00000009,0x00001209,0x00001208,0x000001e2,
	0x000400f6,0x00001210,0x0000120f,0x00000000,0x000400fa,0x00001209,0x0000120a,0x00001210,
	0x000200f8,0x0000120a,0x000300f7,0x0000132d,0x00000000,0x000300fb,0x00000072,0x0000130a,
	0x000200f8,0x0000130a,0x00050051,0x00000006,0x0000131f,0x00001e10,0x00000000,0x000500c4,
	0x00000006,0x00001321,0x0000131f,0x00000075,0x000500c4,0x00000006,0x00001325,0x00001208,
	0x00000075,0x000500c2,0x00000006,0x0000132a,0x0000131f,0x00001d89,0x000500c5,0x00000006,
	0x0000132b,0x00001325,0x0000132a,0x00050050,0x00000007,0x0000132c,0x00001321,0x0000132b,
	0x000200f9,0x0000132d,0x000200f8,0x0000132d,0x00050082,0x0000002a,0x0000120e,0x00001e15,
	0x000001d8,0x000200f9,0x0000120f,0x000200f8,0x0000120f,0x000200f9,0x00001205,0x000200f8,
	0x00001210,0x000300f7,0x00001356,0x00000000,0x000300fb,0x00000072,0x00001333,0x000200f8,
	0x00001333,0x00050051,0x00000006,0x00001348,0x00001e10,0x00000000,0x000500c2,0x00000006,
	0x0000134a,0x00001348,0x000001eb,0x000500c4,0x00000006,0x0000134f,0x00001208,0x00001d8b,
	0x000500c5,0x00000006,0x00001350,0x0000134a,0x0000134f,0x000500c2,0x00000006,0x00001354,
	0x00001208,0x000001eb,0x00050050,0x00000007,0x00001355,0x00001350,0x00001354,0x000200f9,
	0x00001356,0x000200f8,0x00001356,0x000500c7,0x00000006,0x00001215,0x00001348,0x000001f2,
	0x000500ac,0x00000009,0x0000135b,0x00001215,0x00000198,0x000400a8,0x00000009,0x0000135c,
	0x0000135b,0x000300f7,0x00001367,0x00000000,0x000400fa,0x0000135c,0x0000135d,0x00001367,
	0x000200f8,0x0000135d,0x000500aa,0x00000009,0x0000135f,0x00001215,0x00000198,0x000300f7,
	0x00001365,0x00000000,0x000400fa,0x0000135f,0x00001360,0x00001365,0x000200f8,0x00001360,
	0x000500c7,0x00000006,0x00001363,0x00001350,0x00000075,0x000500ab,0x00000009,0x00001364,
	0x00001363,0x00000072,0x000200f9,0x00001365,0x000200f8,0x00001365,0x000700f5,0x00000009,
	0x00001366,0x0000135f,0x0000135d,0x00001364,0x00001360,0x000200f9,0x00001367,0x000200f8,
	0x00001367,0x000700f5,0x00000009,0x00001368,0x0000135b,0x00001356,0x00001366,0x00001365,
	0x000300f7,0x0000121b,0x00000000,0x000400fa,0x00001368,0x00001218,0x0000121b,0x000200f8,
	0x00001218,0x00050080,0x00000006,0x00001370,0x00001350,0x00000075,0x000500b0,0x00000009,
	0x0000137a,0x00001370,0x00001350,0x000600a9,0x00000006,0x0000137b,0x0000137a,0x00000075,
	0x00000072,0x00050080,0x00000006,0x0000137c,0x00001354,0x0000137b,0x00050050,0x00000007,
	0x0000137d,0x00001370,0x0000137c,0x000200f9,0x0000121b,0x000200f8,0x0000121b,0x000700f5,
	0x00000007,0x00001e18,0x00001355,0x00001367,0x0000137d,0x00001218,0x00050051,0x00000006,
	0x0000121e,0x00001e18,0x00000001,0x000500aa,0x00000009,0x0000121f,0x0000121e,0x00000203,
	0x000600a9,0x0000002a,0x00001220,0x0000121f,0x000001d8,0x00000205,0x00050080,0x0000002a,
	0x00001221,0x00001e15,0x00001220,0x000500b1,0x00000009,0x00001223,0x00001221,0x0000018d,
	0x000500b1,0x00000009,0x00001225,0x00001e15,0x0000018d,0x000300f7,0x0000122c,0x00000000,
	0x000400fa,0x00001225,0x00001226,0x0000122c,0x000200f8,0x00001226,0x00050082,0x0000002a,
	0x00001228,0x0000018d,0x00001e15,0x0004007c,0x00000006,0x00001229,0x00001228,0x000300f7,
	0x000013c2,0x00000000,0x000300fb,0x00000072,0x00001388,0x000200f8,0x00001388,0x000500aa,
	0x00000009,0x0000138a,0x00001229,0x00000072,0x000300f7,0x0000138d,0x00000000,0x000400fa,
	0x0000138a,0x0000138b,0x0000138d,0x000200f8,0x0000138b,0x000200f9,0x000013c2,0x000200f8,
	0x0000138d,0x000500ae,0x00000009,0x0000138f,0x00001229,0x000000c4,0x000300f7,0x00001396,
	0x00000000,0x000400fa,0x0000138f,0x00001390,0x00001396,0x000200f8,0x00001390,0x000500c5,
	0x00000006,0x000013ca,0x00001348,0x00001208,0x000500ab,0x00000009,0x00001393,0x000013ca,
	0x00000072,0x000600a9,0x00000006,0x00001394,0x00001393,0x00000075,0x00000072,0x00050050,
	0x00000007,0x00001395,0x00001394,0x00000072,0x000200f9,0x000013c2,0x000200f8,0x00001396,
	0x000300f7,0x000013f3,0x00000000,0x000300fb,0x00000072,0x000013d0,0x000200f8,0x000013d0,
	0x000300f7,0x000013d5,0x00000000,0x000400fa,0x0000138a,0x000013d3,0x000013d5,0x000200f8,
	0x000013d3,0x000200f9,0x000013f3,0x000200f8,0x000013d5,0x000300f7,0x000013d9,0x00000000,
	0x000400fa,0x0000138f,0x000013d8,0x000013d9,0x000200f8,0x000013d8,0x000200f9,0x000013f3,
	0x000200f8,0x000013d9,0x000500ae,0x00000009,0x000013db,0x00001229,0x000000cb,0x000300f7,
	0x000013e3,0x00000000,0x000400fa,0x000013db,0x000013dc,0x000013e3,0x000200f8,0x000013dc,
	0x00050082,0x00000006,0x000013e0,0x00001229,0x000000cb,0x000500c2,0x00000006,0x000013e1,
	0x00001208,0x000013e0,0x00050050,0x00000007,0x000013e2,0x000013e1,0x00000072,0x000200f9,
	0x000013f3,0x000200f8,0x000013e3,0x000500c2,0x00000006,0x000013e7,0x00001348,0x00001229,
	0x00050082,0x00000006,0x000013eb,0x000000cb,0x00001229,0x000500c4,0x00000006,0x000013ec,
	0x00001208,0x000013eb,0x000500c5,0x00000006,0x000013ed,0x000013e7,0x000013ec,0x000500c2,
	0x00000006,0x000013f1,0x00001208,0x00001229,0x00050050,0x00000007,0x000013f2,0x000013ed,
	0x000013f1,0x000200f9,0x000013f3,0x000200f8,0x000013f3,0x000b00f5,0x00000007,0x00001e1c,
	0x00001e10,0x000013d3,0x000000c8,0x000013d8,0x000013e2,0x000013dc,0x000013f2,0x000013e3,
	0x000500ae,0x00000009,0x0000139b,0x00001229,0x000000cb,0x000300f7,0x000013ba,0x00000000,
	0x000400fa,0x0000139b,0x0000139c,0x000013b2,0x000200f8,0x000013b2,0x000500c4,0x00000006,
	0x000013b6,0x00000075,0x00001229,0x00050082,0x00000006,0x000013b7,0x000013b6,0x00000075,
	0x000500c7,0x00000006,0x000013b8,0x00001348,0x000013b7,0x000500ab,0x00000009,0x000013b9,
	0x000013b8,0x00000072,0x000200f9,0x000013ba,0x000200f8,0x0000139c,0x00050082,0x00000006,
	0x0000139e,0x00001229,0x000000cb,0x000500ab,0x00000009,0x000013a1,0x00001348,0x00000072,
	0x000400a8,0x00000009,0x000013a2,0x000013a1,0x000300f7,0x000013b0,0x00000000,0x000400fa,
	0x000013a2,0x000013a3,0x000013b0,0x000200f8,0x000013a3,0x000500ab,0x00000009,0x000013a5,
	0x0000139e,0x00000072,0x000300f7,0x000013ae,0x00000000,0x000400fa,0x000013a5,0x000013a6,
	0x000013ae,0x000200f8,0x000013a6,0x000500c4,0x00000006,0x000013aa,0x00000075,0x0000139e,
	0x00050082,0x00000006,0x000013ab,0x000013aa,0x00000075,0x000500c7,0x00000006,0x000013ac,
	0x00001208,0x000013ab,0x000500ab,0x00000009,0x000013ad,0x000013ac,0x00000072,0x000200f9,
	0x000013ae,0x000200f8,0x000013ae,0x000700f5,0x00000009,0x000013af,0x000013a5,0x000013a3,
	0x000013ad,0x000013a6,0x000200f9,0x000013b0,0x000200f8,0x000013b0,0x000700f5,0x00000009,
	0x000013b1,0x000013a1,0x0000139c,0x000013af,0x000013ae,0x000200f9,0x000013ba,0x000200f8,
	0x000013ba,0x000700f5,0x00000009,0x00001e1d,0x000013b9,0x000013b2,0x000013b1,0x000013b0,
	0x000600a9,0x00000006,0x000013bc,0x00001e1d,0x00000075,0x00000072,0x00050051,0x00000006,
	0x000013be,0x00001e1c,0x00000000,0x000500c5,0x00000006,0x000013bf,0x000013be,0x000013bc,
	0x00060052,0x00000007,0x00001cea,0x000013bf,0x00001e1c,0x00000000,0x000200f9,0x000013c2,
	0x000200f8,0x000013c2,0x000900f5,0x00000007,0x00001e21,0x00001e10,0x0000138b,0x00001395,
	0x00001390,0x00001cea,0x000013ba,0x000200f9,0x0000122c,0x000200f8,0x0000122c,0x000700f5,
	0x00000007,0x00001e22,0x00001e10,0x0000121b,0x00001e21,0x000013c2,0x000600a9,0x0000002a,
	0x00001f28,0x00001225,0x0000018d,0x00001e15,0x00050051,0x00000006,0x0000122e,0x00001e22,
	0x00000000,0x000500c7,0x00000006,0x0000122f,0x0000122e,0x000001f2,0x000300f7,0x0000141c,
	0x00000000,0x000300fb,0x00000072,0x000013f9,0x000200f8,0x000013f9,0x000500c2,0x00000006,
	0x00001410,0x0000122e,0x000001eb,0x00050051,0x00000006,0x00001412,0x00001e22,0x00000001,
	0x000500c4,0x00000006,0x00001415,0x00001412,0x00001d8b,0x000500c5,0x00000006,0x00001416,
	0x00001410,0x00001415,0x000500c2,0x00000006,0x0000141a,0x00001412,0x000001eb,0x00050050,
	0x00000007,0x0000141b,0x00001416,0x0000141a,0x000200f9,0x0000141c,0x000200f8,0x0000141c,
	0x000500ab,0x00000009,0x00001233,0x0000122f,0x00000072,0x000500ac,0x00000009,0x00001421,
	0x0000122f,0x00000198,0x000400a8,0x00000009,0x00001422,0x00001421,0x000300f7,0x0000142d,
	0x00000000,0x000400fa,0x00001422,0x00001423,0x0000142d,0x000200f8,0x00001423,0x000500aa,
	0x00000009,0x00001425,0x0000122f,0x00000198,0x000300f7,0x0000142b,0x00000000,0x000400fa,
	0x00001425,0x00001426,0x0000142b,0x000200f8,0x00001426,0x000500c7,0x00000006,0x00001429,
	0x00001416,0x00000075,0x000500ab,0x00000009,0x0000142a,0x00001429,0x00000072,0x000200f9,
	0x0000142b,0x000200f8,0x0000142b,0x000700f5,0x00000009,0x0000142c,0x00001425,0x00001423,
	0x0000142a,0x00001426,0x000200f9,0x0000142d,0x000200f8,0x0000142d,0x000700f5,0x00000009,
	0x0000142e,0x00001421,0x0000141c,0x0000142c,0x0000142b,0x000300f7,0x0000123a,0x00000000,
	0x000400fa,0x0000142e,0x00001237,0x0000123a,0x000200f8,0x00001237,0x00050080,0x00000006,
	0x00001436,0x00001416,0x00000075,0x000500b0,0x00000009,0x00001440,0x00001436,0x00001416,
	0x000600a9,0x00000006,0x00001441,0x00001440,0x00000075,0x00000072,0x00050080,0x00000006,
	0x00001442,0x0000141a,0x00001441,0x00050050,0x00000007,0x00001443,0x00001436,0x00001442,
	0x000200f9,0x0000123a,0x000200f8,0x0000123a,0x000700f5,0x00000007,0x00001e29,0x0000141b,
	0x0000142d,0x00001443,0x00001237,0x000500aa,0x00000009,0x0000123c,0x00001f28,0x0000018d,
	0x000300f7,0x00001241,0x00000000,0x000400fa,0x0000123c,0x0000123d,0x00001241,0x000200f8,
	0x0000123d,0x00050051,0x00000006,0x0000123f,0x00001e29,0x00000001,0x000500b0,0x00000009,
	0x00001240,0x0000123f,0x0000017e,0x000200f9,0x00001241,0x000200f8,0x00001241,0x000700f5,
	0x00000009,0x00001242,0x0000123c,0x0000123a,0x00001240,0x0000123d,0x000300f7,0x00001270,
	0x00000000,0x000400fa,0x00001242,0x00001243,0x0000124f,0x000200f8,0x0000124f,0x00050051,
	0x00000006,0x00001251,0x00001e29,0x00000001,0x000500ae,0x00000009,0x00001252,0x00001251,
	0x00000203,0x000300f7,0x00001258,0x00000000,0x000400fa,0x00001252,0x00001253,0x00001258,
	0x000200f8,0x00001253,0x000300f7,0x00001473,0x00000000,0x000300fb,0x00000072,0x00001450,
	0x000200f8,0x00001450,0x00050051,0x00000006,0x00001465,0x00001e29,0x00000000,0x000500c2,
	0x00000006,0x00001467,0x00001465,0x00000075,0x000500c4,0x00000006,0x0000146c,0x00001251,
	0x00001d89,0x000500c5,0x00000006,0x0000146d,0x00001467,0x0000146c,0x000500c2,0x00000006,
	0x00001471,0x00001251,0x00000075,0x00050050,0x00000007,0x00001472,0x0000146d,0x00001471,
	0x000200f9,0x00001473,0x000200f8,0x00001473,0x00050080,0x0000002a,0x00001257,0x00001f28,
	0x000001d8,0x000200f9,0x00001258,0x000200f8,0x00001258,0x000700f5,0x00000007,0x00001e2d,
	0x00001e29,0x0000124f,0x00001472,0x00001473,0x000700f5,0x0000002a,0x00001e2c,0x00001f28,
	0x0000124f,0x00001257,0x00001473,0x000500ad,0x00000009,0x0000125a,0x00001e2c,0x00000191,
	0x000300f7,0x00001261,0x00000000,0x000400fa,0x0000125a,0x0000125b,0x00001261,0x000200f8,
	0x0000125b,0x000500c4,0x00000006,0x0000125d,0x0000102e,0x00000185,0x000500c5,0x00000006,
	0x0000125e,0x0000125d,0x00000259,0x00050050,0x00000007,0x0000125f,0x00000256,0x0000125e,
	0x000200f9,0x0000128d,0x000200f8,0x00001261,0x00050051,0x00000006,0x00001263,0x00001e2d,
	0x00000000,0x000500c4,0x00000006,0x00001265,0x0000102e,0x00000185,0x00050080,0x0000002a,
	0x00001267,0x00001e2c,0x00000191,0x0004007c,0x00000006,0x00001268,0x00001267,0x000500c4,
	0x00000006,0x00001269,0x00001268,0x0000016e,0x000500c5,0x00000006,0x0000126a,0x00001265,
	0x00001269,0x00050051,0x00000006,0x0000126c,0x00001e2d,0x00000001,0x000500c7,0x00000006,
	0x0000126d,0x0000126c,0x00000177,0x000500c5,0x00000006,0x0000126e,0x0000126a,0x0000126d,
	0x00050050,0x00000007,0x0000126f,0x00001263,0x0000126e,0x000200f9,0x00001270,0x000200f8,
	0x00001243,0x00050051,0x00000006,0x00001245,0x00001e29,0x00000000,0x000500c4,0x00000006,
	0x00001247,0x0000102e,0x00000185,0x00050051,0x00000006,0x00001249,0x00001e29,0x00000001,
	0x000500c5,0x00000006,0x0000124a,0x00001247,0x00001249,0x00050050,0x00000007,0x0000124b,
	0x00001245,0x0000124a,0x000500c5,0x00000006,0x0000144a,0x00001245,0x00001249,0x000500ab,
	0x00000009,0x0000124e,0x0000144a,0x00000072,0x000200f9,0x00001270,0x000200f8,0x00001270,
	0x000700f5,0x00000007,0x00001e35,0x0000126f,0x00001261,0x0000124b,0x00001243,0x000700f5,
	0x00000009,0x00001e2e,0x0000022e,0x00001261,0x0000124e,0x00001243,0x000300f7,0x00001282,
	0x00000000,0x000400fa,0x0000026d,0x00001271,0x00001275,0x000200f8,0x00001275,0x000300f7,
	0x00001280,0x00000000,0x000400fa,0x00000275,0x00001276,0x0000127f,0x000200f8,0x0000127f,
	0x000200f9,0x00001280,0x000200f8,0x00001276,0x000400a8,0x00000009,0x00001278,0x00001e2e,
	0x000300f7,0x0000127d,0x00000000,0x000400fa,0x00001278,0x00001279,0x0000127d,0x000200f8,
	0x00001279,0x000500a7,0x00000009,0x0000127c,0x00001223,0x00001233,0x000200f9,0x0000127d,
	0x000200f8,0x0000127d,0x000700f5,0x00000009,0x0000127e,0x00001e2e,0x00001276,0x0000127c,
	0x00001279,0x000200f9,0x00001280,0x000200f8,0x00001280,0x000700f5,0x00000009,0x00001e31,
	0x0000022e,0x0000127f,0x0000127e,0x0000127d,0x000200f9,0x00001282,0x000200f8,0x00001271,
	0x000500a7,0x00000009,0x00001274,0x00001223,0x00001233,0x000200f9,0x00001282,0x000200f8,
	0x00001282,0x000700f5,0x00000009,0x00001e32,0x00001e31,0x00001280,0x00001274,0x00001271,
	0x000200f9,0x0000128b,0x000200f8,0x0000128b,0x000600a9,0x00000006,0x00001f29,0x00001e32,
	0x000001c3,0x00000072,0x000200f9,0x0000128d,0x000200f8,0x0000128d,0x000700f5,0x00000007,
	0x00001e3a,0x0000125f,0x0000125b,0x00001e35,0x0000128b,0x000700f5,0x00000006,0x00001e39,
	0x000001eb,0x0000125b,0x00001f29,0x0000128b,0x000200f9,0x00001063,0x000200f8,0x00001063,
	0x000700f5,0x00000007,0x00001e46,0x0000103c,0x00001039,0x00001e3a,0x0000128d,0x000700f5,
	0x00000006,0x00001e45,0x00000072,0x00001039,0x00001e39,0x0000128d,0x000200f9,0x0000055a,
	0x000200f8,0x0000055a,0x000700f5,0x00000006,0x00001f18,0x00001df1,0x00001518,0x00001e45,
	0x00001063,0x000700f5,0x00000007,0x00001f14,0x00001df2,0x00001518,0x00001e46,0x00001063,
	0x000200f9,0x0000054f,0x000200f8,0x0000054e,0x000300f7,0x00000b75,0x00000000,0x000300fb,
	0x00000072,0x00000b01,0x000200f8,0x00000b01,0x00050051,0x00000006,0x00000b81,0x00001d90,
	0x00000000,0x000500c7,0x00000006,0x00000b84,0x0000052f,0x00000177,0x00050050,0x00000007,
	0x00000b85,0x00000b81,0x00000b84,0x000500ab,0x00000009,0x00000b87,0x00000531,0x00000072,
	0x000300f7,0x00000b8d,0x00000000,0x000400fa,0x00000b87,0x00000b88,0x00000b8d,0x000200f8,
	0x00000b88,0x000500c5,0x00000006,0x00000b8b,0x00000b84,0x0000017e,0x00060052,0x00000007,
	0x00001c1f,0x00000b8b,0x00000b85,0x00000001,0x000200f9,0x00000b8d,0x000200f8,0x00000b8d,
	0x000700f5,0x00000007,0x00001e47,0x00000b85,0x00000b01,0x00001c1f,0x00000b88,0x000500c2,
	0x00000006,0x00000b90,0x0000052f,0x00000185,0x000500aa,0x00000009,0x00000b93,0x00000531,
	0x00000072,0x000300f7,0x00000b99,0x00000000,0x000400fa,0x00000b93,0x00000b94,0x00000b95,
	0x000200f8,0x00000b95,0x0004007c,0x0000002a,0x00000b97,0x00000531,0x00050082,0x0000002a,
	0x00000b98,0x00000b97,0x00000191,0x000200f9,0x00000b99,0x000200f8,0x00000b94,0x000200f9,
	0x00000b99,0x000200f8,0x00000b99,0x000700f5,0x0000002a,0x00001e48,0x00000b98,0x00000b95,
	0x0000018d,0x00000b94,0x00050051,0x00000006,0x00000ba2,0x00001d91,0x00000001,0x000500c2,
	0x00000006,0x00000ba3,0x00000ba2,0x0000016e,0x000500c7,0x00000006,0x00000ba4,0x00000ba3,
	0x00000170,0x00050051,0x00000006,0x00000ba6,0x00001d91,0x00000000,0x000500c7,0x00000006,
	0x00000ba9,0x00000ba2,0x00000177,0x00050050,0x00000007,0x00000baa,0x00000ba6,0x00000ba9,
	0x000500ab,0x00000009,0x00000bac,0x00000ba4,0x00000072,0x000300f7,0x00000bb2,0x00000000,
	0x000400fa,0x00000bac,0x00000bad,0x00000bb2,0x000200f8,0x00000bad,0x000500c5,0x00000006,
	0x00000bb0,0x00000ba9,0x0000017e,0x00060052,0x00000007,0x00001c26,0x00000bb0,0x00000baa,
	0x00000001,0x000200f9,0x00000bb2,0x000200f8,0x00000bb2,0x000700f5,0x00000007,0x00001e49,
	0x00000baa,0x00000b99,0x00001c26,0x00000bad,0x000500c2,0x00000006,0x00000bb5,0x00000ba2,
	0x00000185,0x000500aa,0x00000009,0x00000bb8,0x00000ba4,0x00000072,0x000300f7,0x00000bbe,
	0x00000000,0x000400fa,0x00000bb8,0x00000bb9,0x00000bba,0x000200f8,0x00000bba,0x0004007c,
	0x0000002a,0x00000bbc,0x00000ba4,0x00050082,0x0000002a,0x00000bbd,0x00000bbc,0x00000191,
	0x000200f9,0x00000bbe,0x000200f8,0x00000bb9,0x000200f9,0x00000bbe,0x000200f8,0x00000bbe,
	0x000700f5,0x0000002a,0x00001e4a,0x00000bbd,0x00000bba,0x0000018d,0x00000bb9,0x000500c6,
	0x00000006,0x00000b0a,0x00000bb5,0x00000075,0x00050051,0x00000006,0x00000bc4,0x00001e47,
	0x00000000,0x00050051,0x00000006,0x00000bc6,0x00001e47,0x00000001,0x000500c5,0x00000006,
	0x00000bc7,0x00000bc4,0x00000bc6,0x000500aa,0x00000009,0x00000bc8,0x00000bc7,0x00000072,
	0x000300f7,0x00000b2d,0x00000000,0x000400fa,0x00000bc8,0x00000b0f,0x00000b2d,0x000200f8,
	0x00000b0f,0x00050051,0x00000006,0x00000bcc,0x00001e49,0x00000000,0x00050051,0x00000006,
	0x00000bce,0x00001e49,0x00000001,0x000500c5,0x00000006,0x00000bcf,0x00000bcc,0x00000bce,
	0x000500ab,0x00000009,0x00000b13,0x00000bcf,0x00000072,0x000300f7,0x00000b20,0x00000000,
	0x000400fa,0x00000b13,0x00000b14,0x00000b20,0x000200f8,0x00000b14,0x000500c4,0x00000006,
	0x00000b19,0x00000b0a,0x00000185,0x000500c7,0x00000006,0x00000b1c,0x00000ba2,0x000001ae,
	0x000500c5,0x00000006,0x00000b1d,0x00000b19,0x00000b1c,0x00050050,0x00000007,0x00000b1e,
	0x00000ba6,0x00000b1d,0x000300f7,0x00000bf1,0x00000000,0x000300fb,0x00000072,0x00000bd8,
	0x000200f8,0x00000bd8,0x000500c7,0x00000006,0x00000bdd,0x00000b1d,0x000001ae,0x000300f7,
	0x00000be3,0x00000000,0x000400fa,0x000001b2,0x00000bdf,0x00000be3,0x000200f8,0x00000bdf,
	0x000500c5,0x00000006,0x00000bf9,0x00000ba6,0x00000bdd,0x000500ab,0x00000009,0x00000be2,
	0x00000bf9,0x00000072,0x000200f9,0x00000be3,0x000200f8,0x00000be3,0x000700f5,0x00000009,
	0x00000be4,0x000001b2,0x00000bd8,0x00000be2,0x00000bdf,0x000300f7,0x00000be9,0x00000000,
	0x000400fa,0x00000be4,0x00000be5,0x00000be9,0x000200f8,0x00000be5,0x000500b0,0x00000009,
	0x00000be8,0x00000bdd,0x0000017e,0x000200f9,0x00000be9,0x000200f8,0x00000be9,0x000700f5,
	0x00000009,0x00000bea,0x00000be4,0x00000be3,0x00000be8,0x00000be5,0x000300f7,0x00000bee,
	0x00000000,0x000400fa,0x00000bea,0x00000beb,0x00000bee,0x000200f8,0x00000beb,0x000200f9,
	0x00000bf1,0x000200f8,0x00000bee,0x000200f9,0x00000bf1,0x000200f8,0x00000bf1,0x000700f5,
	0x00000006,0x00001ea8,0x000001c3,0x00000beb,0x00000072,0x00000bee,0x000200f9,0x00000b75,
	0x000200f8,0x00000b20,0x000500aa,0x00000009,0x00000b25,0x00000b90,0x00000b0a,0x000600a9,
	0x00000006,0x00000b26,0x00000b25,0x00000075,0x00000072,0x000500c4,0x00000006,0x00000b29,
	0x00000b90,0x00000185,0x00050084,0x00000006,0x00000b2a,0x00000b26,0x00000b29,0x00050050,
	0x00000007,0x00000b2b,0x00000072,0x00000b2a,0x000200f9,0x00000b75,0x000200f8,0x00000b2d,
	0x00050051,0x00000006,0x00000c06,0x00001e49,0x00000000,0x00050051,0x00000006,0x00000c08,
	0x00001e49,0x00000001,0x000500c5,0x00000006,0x00000c09,0x00000c06,0x00000c08,0x000500aa,
	0x00000009,0x00000c0a,0x00000c09,0x00000072,0x000300f7,0x00000b34,0x00000000,0x000400fa,
	0x00000c0a,0x00000b31,0x00000b34,0x000200f8,0x00000b31,0x000300f7,0x00000c2b,0x00000000,
	0x000300fb,0x00000072,0x00000c12,0x000200f8,0x00000c12,0x000500c7,0x00000006,0x00000c17,
	0x0000052f,0x000001ae,0x000300f7,0x00000c1d,0x00000000,0x000400fa,0x000001b2,0x00000c19,
	0x00000c1d,0x000200f8,0x00000c19,0x000500c5,0x00000006,0x00000c33,0x00000b81,0x00000c17,
	0x000500ab,0x00000009,0x00000c1c,0x00000c33,0x00000072,0x000200f9,0x00000c1d,0x000200f8,
	0x00000c1d,0x000700f5,0x00000009,0x00000c1e,0x000001b2,0x00000c12,0x00000c1c,0x00000c19,
	0x000300f7,0x00000c23,0x00000000,0x000400fa,0x00000c1e,0x00000c1f,0x00000c23,0x000200f8,
	0x00000c1f,0x000500b0,0x00000009,0x00000c22,0x00000c17,0x0000017e,0x000200f9,0x00000c23,
	0x000200f8,0x00000c23,0x000700f5,0x00000009,0x00000c24,0x00000c1e,0x00000c1d,0x00000c22,
	0x00000c1f,0x000300f7,0x00000c28,0x00000000,0x000400fa,0x00000c24,0x00000c25,0x00000c28,
	0x000200f8,0x00000c25,0x000200f9,0x00000c2b,0x000200f8,0x00000c28,0x000200f9,0x00000c2b,
	0x000200f8,0x00000c2b,0x000700f5,0x00000006,0x00001ea6,0x000001c3,0x00000c25,0x00000072,
	0x00000c28,0x000200f9,0x00000b75,0x000200f8,0x00000b34,0x000500b1,0x00000009,0x00000b39,
	0x00001e48,0x00001e4a,0x000200f9,0x00000b3e,0x000200f8,0x00000b3e,0x000600a9,0x00000006,
	0x00001f2a,0x00000b39,0x00000b90,0x00000b0a,0x000600a9,0x00000006,0x00001f2b,0x00000b39,
	0x00000b0a,0x00000b90,0x000600a9,0x0000002a,0x00001f2c,0x00000b39,0x00001e48,0x00001e4a,
	0x000600a9,0x0000002a,0x00001f2d,0x00000b39,0x00001e4a,0x00001e48,0x00050050,0x00001f2e,
	0x00001f2f,0x00000b39,0x00000b39,0x000600a9,0x00000007,0x00001f30,0x00001f2f,0x00001e47,
	0x00001e49,0x000600a9,0x00000007,0x00001f32,0x00001f2f,0x00001e49,0x00001e47,0x000300f7,
	0x00000c60,0x00000000,0x000300fb,0x00000072,0x00000c3d,0x000200f8,0x00000c3d,0x00050051,
	0x00000006,0x00000c52,0x00001f32,0x00000000,0x000500c4,0x00000006,0x00000c54,0x00000c52,
	0x000001eb,0x00050051,0x00000006,0x00000c56,0x00001f32,0x00000001,0x000500c4,0x00000006,
	0x00000c58,0x00000c56,0x000001eb,0x000500c2,0x00000006,0x00000c5d,0x00000c52,0x00001d8b,
	0x000500c5,0x00000006,0x00000c5e,0x00000c58,0x00000c5d,0x000200f9,0x00000c60,0x000200f8,
	0x00000c60,0x000300f7,0x00000c89,0x00000000,0x000300fb,0x00000072,0x00000c66,0x000200f8,
	0x00000c66,0x00050051,0x00000006,0x00000c7b,0x00001f30,0x00000000,0x000500c4,0x00000006,
	0x00000c7d,0x00000c7b,0x000001eb,0x00050051,0x00000006,0x00000c7f,0x00001f30,0x00000001,
	0x000500c4,0x00000006,0x00000c81,0x00000c7f,0x000001eb,0x000500c2,0x00000006,0x00000c86,
	0x00000c7b,0x00001d8b,0x000500c5,0x00000006,0x00000c87,0x00000c81,0x00000c86,0x00050050,
	0x00000007,0x00000c88,0x00000c7d,0x00000c87,0x000200f9,0x00000c89,0x000200f8,0x00000c89,
	0x00050082,0x0000002a,0x00000b49,0x00001f2d,0x00001f2c,0x0004007c,0x00000006,0x00000b4a,
	0x00000b49,0x000300f7,0x00000ccf,0x00000000,0x000300fb,0x00000072,0x00000c95,0x000200f8,
	0x00000c95,0x000500aa,0x00000009,0x00000c97,0x00000b4a,0x00000072,0x000300f7,0x00000c9a,
	0x00000000,0x000400fa,0x00000c97,0x00000c98,0x00000c9a,0x000200f8,0x00000c98,0x000200f9,
	0x00000ccf,0x000200f8,0x00000c9a,0x000500ae,0x00000009,0x00000c9c,0x00000b4a,0x000000c4,
	0x000300f7,0x00000ca3,0x00000000,0x000400fa,0x00000c9c,0x00000c9d,0x00000ca3,0x000200f8,
	0x00000c9d,0x000500c5,0x00000006,0x00000cd7,0x00000c7d,0x00000c87,0x000500ab,0x00000009,
	0x00000ca0,0x00000cd7,0x00000072,0x000600a9,0x00000006,0x00000ca1,0x00000ca0,0x00000075,
	0x00000072,0x00050050,0x00000007,0x00000ca2,0x00000ca1,0x00000072,0x000200f9,0x00000ccf,
	0x000200f8,0x00000ca3,0x000300f7,0x00000d00,0x00000000,0x000300fb,0x00000072,0x00000cdd,
	0x000200f8,0x00000cdd,0x000300f7,0x00000ce2,0x00000000,0x000400fa,0x00000c97,0x00000ce0,
	0x00000ce2,0x000200f8,0x00000ce0,0x000200f9,0x00000d00,0x000200f8,0x00000ce2,0x000300f7,
	0x00000ce6,0x00000000,0x000400fa,0x00000c9c,0x00000ce5,0x00000ce6,0x000200f8,0x00000ce5,
	0x000200f9,0x00000d00,0x000200f8,0x00000ce6,0x000500ae,0x00000009,0x00000ce8,0x00000b4a,
	0x000000cb,0x000300f7,0x00000cf0,0x00000000,0x000400fa,0x00000ce8,0x00000ce9,0x00000cf0,
	0x000200f8,0x00000ce9,0x00050082,0x00000006,0x00000ced,0x00000b4a,0x000000cb,0x000500c2,
	0x00000006,0x00000cee,0x00000c87,0x00000ced,0x00050050,0x00000007,0x00000cef,0x00000cee,
	0x00000072,0x000200f9,0x00000d00,0x000200f8,0x00000cf0,0x000500c2,0x00000006,0x00000cf4,
	0x00000c7d,0x00000b4a,0x00050082,0x00000006,0x00000cf8,0x000000cb,0x00000b4a,0x000500c4,
	0x00000006,0x00000cf9,0x00000c87,0x00000cf8,0x000500c5,0x00000006,0x00000cfa,0x00000cf4,
	0x00000cf9,0x000500c2,0x00000006,0x00000cfe,0x00000c87,0x00000b4a,0x00050050,0x00000007,
	0x00000cff,0x00000cfa,0x00000cfe,0x000200f9,0x00000d00,0x000200f8,0x00000d00,0x000b00f5,
	0x00000007,0x00001e55,0x00000c88,0x00000ce0,0x000000c8,0x00000ce5,0x00000cef,0x00000ce9,
	0x00000cff,0x00000cf0,0x000500ae,0x00000009,0x00000ca8,0x00000b4a,0x000000cb,0x000300f7,
	0x00000cc7,0x00000000,0x000400fa,0x00000ca8,0x00000ca9,0x00000cbf,0x000200f8,0x00000cbf,
	0x000500c4,0x00000006,0x00000cc3,0x00000075,0x00000b4a,0x00050082,0x00000006,0x00000cc4,
	0x00000cc3,0x00000075,0x000500c7,0x00000006,0x00000cc5,0x00000c7d,0x00000cc4,0x000500ab,
	0x00000009,0x00000cc6,0x00000cc5,0x00000072,0x000200f9,0x00000cc7,0x000200f8,0x00000ca9,
	0x00050082,0x00000006,0x00000cab,0x00000b4a,0x000000cb,0x000500ab,0x00000009,0x00000cae,
	0x00000c7d,0x00000072,0x000400a8,0x00000009,0x00000caf,0x00000cae,0x000300f7,0x00000cbd,
	0x00000000,0x000400fa,0x00000caf,0x00000cb0,0x00000cbd,0x000200f8,0x00000cb0,0x000500ab,
	0x00000009,0x00000cb2,0x00000cab,0x00000072,0x000300f7,0x00000cbb,0x00000000,0x000400fa,
	0x00000cb2,0x00000cb3,0x00000cbb,0x000200f8,0x00000cb3,0x000500c4,0x00000006,0x00000cb7,
	0x00000075,0x00000cab,0x00050082,0x00000006,0x00000cb8,0x00000cb7,0x00000075,0x000500c7,
	0x00000006,0x00000cb9,0x00000c87,0x00000cb8,0x000500ab,0x00000009,0x00000cba,0x00000cb9,
	0x00000072,0x000200f9,0x00000cbb,0x000200f8,0x00000cbb,0x000700f5,0x00000009,0x00000cbc,
	0x00000cb2,0x00000cb0,0x00000cba,0x00000cb3,0x000200f9,0x00000cbd,0x000200f8,0x00000cbd,
	0x000700f5,0x00000009,0x00000cbe,0x00000cae,0x00000ca9,0x00000cbc,0x00000cbb,0x000200f9,
	0x00000cc7,0x000200f8,0x00000cc7,0x000700f5,0x00000009,0x00001e56,0x00000cc6,0x00000cbf,
	0x00000cbe,0x00000cbd,0x000600a9,0x00000006,0x00000cc9,0x00001e56,0x00000075,0x00000072,
	0x00050051,0x00000006,0x00000ccb,0x00001e55,0x00000000,0x000500c5,0x00000006,0x00000ccc,
	0x00000ccb,0x00000cc9,0x00060052,0x00000007,0x00001c4d,0x00000ccc,0x00001e55,0x00000000,
	0x000200f9,0x00000ccf,0x000200f8,0x00000ccf,0x000900f5,0x00000007,0x00001e5a,0x00000c88,
	0x00000c98,0x00000ca2,0x00000c9d,0x00001c4d,0x00000cc7,0x000500aa,0x00000009,0x00000b50,
	0x00001f2b,0x00001f2a,0x000300f7,0x00000b68,0x00000000,0x000400fa,0x00000b50,0x00000b51,
	0x00000b57,0x000200f8,0x00000b57,0x00050051,0x00000006,0x00000d1c,0x00001e5a,0x00000001,
	0x000500ac,0x00000009,0x00000d1d,0x00000c5e,0x00000d1c,0x000400a8,0x00000009,0x00000d1e,
	0x00000d1d,0x000300f7,0x00000d2d,0x00000000,0x000400fa,0x00000d1e,0x00000d1f,0x00000d2d,
	0x000200f8,0x00000d1f,0x000500aa,0x00000009,0x00000d24,0x00000c5e,0x00000d1c,0x000300f7,
	0x00000d2b,0x00000000,0x000400fa,0x00000d24,0x00000d25,0x00000d2b,0x000200f8,0x00000d25,
	0x00050051,0x00000006,0x00000d29,0x00001e5a,0x00000000,0x000500ae,0x00000009,0x00000d2a,
	0x00000c54,0x00000d29,0x000200f9,0x00000d2b,0x000200f8,0x00000d2b,0x000700f5,0x00000009,
	0x00000d2c,0x00000d24,0x00000d1f,0x00000d2a,0x00000d25,0x000200f9,0x00000d2d,0x000200f8,
	0x00000d2d,0x000700f5,0x00000009,0x00000d2e,0x00000d1d,0x00000b57,0x00000d2c,0x00000d2b,
	0x000300f7,0x00000b67,0x00000000,0x000400fa,0x00000d2e,0x00000b5b,0x00000b61,0x000200f8,
	0x00000b61,0x00050051,0x00000006,0x00000d46,0x00001e5a,0x00000000,0x00050082,0x00000006,
	0x00000d49,0x00000d46,0x00000c54,0x00050082,0x00000006,0x00000d4e,0x00000d1c,0x00000c5e,
	0x000500b0,0x00000009,0x00000d53,0x00000d46,0x00000c54,0x000600a9,0x00000006,0x00000d54,
	0x00000d53,0x00000075,0x00000072,0x00050082,0x00000006,0x00000d55,0x00000d4e,0x00000d54,
	0x00050050,0x00000007,0x00000d56,0x00000d49,0x00000d55,0x000200f9,0x00000b67,0x000200f8,
	0x00000b5b,0x00050051,0x00000006,0x00000d34,0x00001e5a,0x00000000,0x00050082,0x00000006,
	0x00000d35,0x00000c54,0x00000d34,0x00050082,0x00000006,0x00000d3a,0x00000c5e,0x00000d1c,
	0x000500b0,0x00000009,0x00000d3f,0x00000c54,0x00000d34,0x000600a9,0x00000006,0x00000d40,
	0x00000d3f,0x00000075,0x00000072,0x00050082,0x00000006,0x00000d41,0x00000d3a,0x00000d40,
	0x00050050,0x00000007,0x00000d42,0x00000d35,0x00000d41,0x000200f9,0x00000b67,0x000200f8,
	0x00000b67,0x000700f5,0x00000007,0x00001e6c,0x00000d56,0x00000b61,0x00000d42,0x00000b5b,
	0x000600a9,0x00000006,0x00001f33,0x00000d2e,0x00001f2b,0x00001f2a,0x000200f9,0x00000b68,
	0x000200f8,0x00000b51,0x00050051,0x00000006,0x00000d08,0x00001e5a,0x00000000,0x00050080,
	0x00000006,0x00000d09,0x00000c54,0x00000d08,0x00050051,0x00000006,0x00000d0e,0x00001e5a,
	0x00000001,0x00050080,0x00000006,0x00000d0f,0x00000c5e,0x00000d0e,0x000500b0,0x00000009,
	0x00000d13,0x00000d09,0x00000c54,0x000600a9,0x00000006,0x00000d14,0x00000d13,0x00000075,
	0x00000072,0x00050080,0x00000006,0x00000d15,0x00000d0f,0x00000d14,0x00050050,0x00000007,
	0x00000d16,0x00000d09,0x00000d15,0x000200f9,0x00000b68,0x000200f8,0x00000b68,0x000700f5,
	0x00000006,0x00001e6d,0x00001f33,0x00000b67,0x00001f2b,0x00000b51,0x000700f5,0x00000007,
	0x00001e6b,0x00001e6c,0x00000b67,0x00000d16,0x00000b51,0x00050051,0x00000006,0x00000d5a,
	0x00001e6b,0x00000000,0x00050051,0x00000006,0x00000d5c,0x00001e6b,0x00000001,0x000500c5,
	0x00000006,0x00000d5d,0x00000d5a,0x00000d5c,0x000500aa,0x00000009,0x00000d5e,0x00000d5d,
	0x00000072,0x000300f7,0x00000b73,0x00000000,0x000400fa,0x00000d5e,0x00000b6b,0x00000b6d,
	0x000200f8,0x00000b6d,0x000300f7,0x00000e1e,0x00000000,0x000300fb,0x00000072,0x00000d89,
	0x000200f8,0x00000d89,0x000200f9,0x00000d8a,0x000200f8,0x00000d8a,0x000700f5,0x0000002a,
	0x00001e7f,0x00001f2d,0x00000d89,0x00000d93,0x00000d94,0x000700f5,0x00000007,0x00001e78,
	0x00001e6b,0x00000d89,0x00001c73,0x00000d94,0x00050051,0x00000006,0x00000d8d,0x00001e78,
	0x00000001,0x000500ae,0x00000009,0x00000d8e,0x00000d8d,0x000001d2,0x000400f6,0x00000d95,
	0x00000d94,0x00000000,0x000400fa,0x00000d8e,0x00000d8f,0x00000d95,0x000200f8,0x00000d8f,
	0x000300f7,0x00000e64,0x00000000,0x000300fb,0x00000072,0x00000e2a,0x000200f8,0x00000e2a,
	0x000300f7,0x00000e95,0x00000000,0x000300fb,0x00000072,0x00000e72,0x000200f8,0x00000e72,
	0x00050051,0x00000006,0x00000e87,0x00001e78,0x00000000,0x000500c2,0x00000006,0x00000e89,
	0x00000e87,0x00000075,0x000500c4,0x00000006,0x00000e8e,0x00000d8d,0x00001d89,0x000500c5,
	0x00000006,0x00000e8f,0x00000e89,0x00000e8e,0x000500c2,0x00000006,0x00000e93,0x00000d8d,
	0x00000075,0x00050050,0x00000007,0x00000e94,0x00000e8f,0x00000e93,0x000200f9,0x00000e95,
	0x000200f8,0x00000e95,0x000500c7,0x00000006,0x00000e5a,0x00000e87,0x00000075,0x000500ab,
	0x00000009,0x00000e5b,0x00000e5a,0x00000072,0x000600a9,0x00000006,0x00000e5e,0x00000e5b,
	0x00000075,0x00000072,0x000500c5,0x00000006,0x00000e61,0x00000e8f,0x00000e5e,0x00060052,
	0x00000007,0x00001c73,0x00000e61,0x00000e94,0x00000000,0x000200f9,0x00000e64,0x000200f8,
	0x00000e64,0x00050080,0x0000002a,0x00000d93,0x00001e7f,0x000001d8,0x000200f9,0x00000d94,
	0x000200f8,0x00000d94,0x000200f9,0x00000d8a,0x000200f8,0x00000d95,0x000200f9,0x00000d96,
	0x000200f8,0x00000d96,0x000700f5,0x0000002a,0x00001e7e,0x00001e7f,0x00000d95,0x00000d9f,
	0x00000da0,0x000700f5,0x00000007,0x00001e79,0x00001e78,0x00000d95,0x00000ebd,0x00000da0,
	0x00050051,0x00000006,0x00000d99,0x00001e79,0x00000001,0x000500b0,0x00000009,0x00000d9a,
	0x00000d99,0x000001e2,0x000400f6,0x00000da1,0x00000da0,0x00000000,0x000400fa,0x00000d9a,
	0x00000d9b,0x00000da1,0x000200f8,0x00000d9b,0x000300f7,0x00000ebe,0x00000000,0x000300fb,
	0x00000072,0x00000e9b,0x000200f8,0x00000e9b,0x00050051,0x00000006,0x00000eb0,0x00001e79,
	0x00000000,0x000500c4,0x00000006,0x00000eb2,0x00000eb0,0x00000075,0x000500c4,0x00000006,
	0x00000eb6,0x00000d99,0x00000075,0x000500c2,0x00000006,0x00000ebb,0x00000eb0,0x00001d89,
	0x000500c5,0x00000006,0x00000ebc,0x00000eb6,0x00000ebb,0x00050050,0x00000007,0x00000ebd,
	0x00000eb2,0x00000ebc,0x000200f9,0x00000ebe,0x000200f8,0x00000ebe,0x00050082,0x0000002a,
	0x00000d9f,0x00001e7e,0x000001d8,0x000200f9,0x00000da0,0x000200f8,0x00000da0,0x000200f9,
	0x00000d96,0x000200f8,0x00000da1,0x000300f7,0x00000ee7,0x00000000,0x000300fb,0x00000072,
	0x00000ec4,0x000200f8,0x00000ec4,0x00050051,0x00000006,0x00000ed9,0x00001e79,0x00000000,
	0x000500c2,0x00000006,0x00000edb,0x00000ed9,0x000001eb,0x000500c4,0x00000006,0x00000ee0,
	0x00000d99,0x00001d8b,0x000500c5,0x00000006,0x00000ee1,0x00000edb,0x00000ee0,0x000500c2,
	0x00000006,0x00000ee5,0x00000d99,0x000001eb,0x00050050,0x00000007,0x00000ee6,0x00000ee1,
	0x00000ee5,0x000200f9,0x00000ee7,0x000200f8,0x00000ee7,0x000500c7,0x00000006,0x00000da6,
	0x00000ed9,0x000001f2,0x000500ac,0x00000009,0x00000eec,0x00000da6,0x00000198,0x000400a8,
	0x00000009,0x00000eed,0x00000eec,0x000300f7,0x00000ef8,0x00000000,0x000400fa,0x00000eed,
	0x00000eee,0x00000ef8,0x000200f8,0x00000eee,0x000500aa,0x00000009,0x00000ef0,0x00000da6,
	0x00000198,0x000300f7,0x00000ef6,0x00000000,0x000400fa,0x00000ef0,0x00000ef1,0x00000ef6,
	0x000200f8,0x00000ef1,0x000500c7,0x00000006,0x00000ef4,0x00000ee1,0x00000075,0x000500ab,
	0x00000009,0x00000ef5,0x00000ef4,0x00000072,0x000200f9,0x00000ef6,0x000200f8,0x00000ef6,
	0x000700f5,0x00000009,0x00000ef7,0x00000ef0,0x00000eee,0x00000ef5,0x00000ef1,0x000200f9,
	0x00000ef8,0x000200f8,0x00000ef8,0x000700f5,0x00000009,0x00000ef9,0x00000eec,0x00000ee7,
	0x00000ef7,0x00000ef6,0x000300f7,0x00000dac,0x00000000,0x000400fa,0x00000ef9,0x00000da9,
	0x00000dac,0x000200f8,0x00000da9,0x00050080,0x00000006,0x00000f01,0x00000ee1,0x00000075,
	0x000500b0,0x00000009,0x00000f0b,0x00000f01,0x00000ee1,0x000600a9,0x00000006,0x00000f0c,
	0x00000f0b,0x00000075,0x00000072,0x00050080,0x00000006,0x00000f0d,0x00000ee5,0x00000f0c,
	0x00050050,0x00000007,0x00000f0e,0x00000f01,0x00000f0d,0x000200f9,0x00000dac,0x000200f8,
	0x00000dac,0x000700f5,0x00000007,0x00001e81,0x00000ee6,0x00000ef8,0x00000f0e,0x00000da9,
	0x00050051,0x00000006,0x00000daf,0x00001e81,0x00000001,0x000500aa,0x00000009,0x00000db0,
	0x00000daf,0x00000203,0x000600a9,0x0000002a,0x00000db1,0x00000db0,0x000001d8,0x00000205,
	0x00050080,0x0000002a,0x00000db2,0x00001e7e,0x00000db1,0x000500b1,0x00000009,0x00000db4,
	0x00000db2,0x0000018d,0x000500b1,0x00000009,0x00000db6,0x00001e7e,0x0000018d,0x000300f7,
	0x00000dbd,0x00000000,0x000400fa,0x00000db6,0x00000db7,0x00000dbd,0x000200f8,0x00000db7,
	0x00050082,0x0000002a,0x00000db9,0x0000018d,0x00001e7e,0x0004007c,0x00000006,0x00000dba,
	0x00000db9,0x000300f7,0x00000f53,0x00000000,0x000300fb,0x00000072,0x00000f19,0x000200f8,
	0x00000f19,0x000500aa,0x00000009,0x00000f1b,0x00000dba,0x00000072,0x000300f7,0x00000f1e,
	0x00000000,0x000400fa,0x00000f1b,0x00000f1c,0x00000f1e,0x000200f8,0x00000f1c,0x000200f9,
	0x00000f53,0x000200f8,0x00000f1e,0x000500ae,0x00000009,0x00000f20,0x00000dba,0x000000c4,
	0x000300f7,0x00000f27,0x00000000,0x000400fa,0x00000f20,0x00000f21,0x00000f27,0x000200f8,
	0x00000f21,0x000500c5,0x00000006,0x00000f5b,0x00000ed9,0x00000d99,0x000500ab,0x00000009,
	0x00000f24,0x00000f5b,0x00000072,0x000600a9,0x00000006,0x00000f25,0x00000f24,0x00000075,
	0x00000072,0x00050050,0x00000007,0x00000f26,0x00000f25,0x00000072,0x000200f9,0x00000f53,
	0x000200f8,0x00000f27,0x000300f7,0x00000f84,0x00000000,0x000300fb,0x00000072,0x00000f61,
	0x000200f8,0x00000f61,0x000300f7,0x00000f66,0x00000000,0x000400fa,0x00000f1b,0x00000f64,
	0x00000f66,0x000200f8,0x00000f64,0x000200f9,0x00000f84,0x000200f8,0x00000f66,0x000300f7,
	0x00000f6a,0x00000000,0x000400fa,0x00000f20,0x00000f69,0x00000f6a,0x000200f8,0x00000f69,
	0x000200f9,0x00000f84,0x000200f8,0x00000f6a,0x000500ae,0x00000009,0x00000f6c,0x00000dba,
	0x000000cb,0x000300f7,0x00000f74,0x00000000,0x000400fa,0x00000f6c,0x00000f6d,0x00000f74,
	0x000200f8,0x00000f6d,0x00050082,0x00000006,0x00000f71,0x00000dba,0x000000cb,0x000500c2,
	0x00000006,0x00000f72,0x00000d99,0x00000f71,0x00050050,0x00000007,0x00000f73,0x00000f72,
	0x00000072,0x000200f9,0x00000f84,0x000200f8,0x00000f74,0x000500c2,0x00000006,0x00000f78,
	0x00000ed9,0x00000dba,0x00050082,0x00000006,0x00000f7c,0x000000cb,0x00000dba,0x000500c4,
	0x00000006,0x00000f7d,0x00000d99,0x00000f7c,0x000500c5,0x00000006,0x00000f7e,0x00000f78,
	0x00000f7d,0x000500c2,0x00000006,0x00000f82,0x00000d99,0x00000dba,0x00050050,0x00000007,
	0x00000f83,0x00000f7e,0x00000f82,0x000200f9,0x00000f84,0x000200f8,0x00000f84,0x000b00f5,
	0x00000007,0x00001e85,0x00001e79,0x00000f64,0x000000c8,0x00000f69,0x00000f73,0x00000f6d,
	0x00000f83,0x00000f74,0x000500ae,0x00000009,0x00000f2c,0x00000dba,0x000000cb,0x000300f7,
	0x00000f4b,0x00000000,0x000400fa,0x00000f2c,0x00000f2d,0x00000f43,0x000200f8,0x00000f43,
	0x000500c4,0x00000006,0x00000f47,0x00000075,0x00000dba,0x00050082,0x00000006,0x00000f48,
	0x00000f47,0x00000075,0x000500c7,0x00000006,0x00000f49,0x00000ed9,0x00000f48,0x000500ab,
	0x00000009,0x00000f4a,0x00000f49,0x00000072,0x000200f9,0x00000f4b,0x000200f8,0x00000f2d,
	0x00050082,0x00000006,0x00000f2f,0x00000dba,0x000000cb,0x000500ab,0x00000009,0x00000f32,
	0x00000ed9,0x00000072,0x000400a8,0x00000009,0x00000f33,0x00000f32,0x000300f7,0x00000f41,
	0x00000000,0x000400fa,0x00000f33,0x00000f34,0x00000f41,0x000200f8,0x00000f34,0x000500ab,
	0x00000009,0x00000f36,0x00000f2f,0x00000072,0x000300f7,0x00000f3f,0x00000000,0x000400fa,
	0x00000f36,0x00000f37,0x00000f3f,0x000200f8,0x00000f37,0x000500c4,0x00000006,0x00000f3b,
	0x00000075,0x00000f2f,0x00050082,0x00000006,0x00000f3c,0x00000f3b,0x00000075,0x000500c7,
	0x00000006,0x00000f3d,0x00000d99,0x00000f3c,0x000500ab,0x00000009,0x00000f3e,0x00000f3d,
	0x00000072,0x000200f9,0x00000f3f,0x000200f8,0x00000f3f,0x000700f5,0x00000009,0x00000f40,
	0x00000f36,0x00000f34,0x00000f3e,0x00000f37,0x000200f9,0x00000f41,0x000200f8,0x00000f41,
	0x000700f5,0x00000009,0x00000f42,0x00000f32,0x00000f2d,0x00000f40,0x00000f3f,0x000200f9,
	0x00000f4b,0x000200f8,0x00000f4b,0x000700f5,0x00000009,0x00001e86,0x00000f4a,0x00000f43,
	0x00000f42,0x00000f41,0x000600a9,0x00000006,0x00000f4d,0x00001e86,0x00000075,0x00000072,
	0x00050051,0x00000006,0x00000f4f,0x00001e85,0x00000000,0x000500c5,0x00000006,0x00000f50,
	0x00000f4f,0x00000f4d,0x00060052,0x00000007,0x00001c90,0x00000f50,0x00001e85,0x00000000,
	0x000200f9,0x00000f53,0x000200f8,0x00000f53,0x000900f5,0x00000007,0x00001e8a,0x00001e79,
	0x00000f1c,0x00000f26,0x00000f21,0x00001c90,0x00000f4b,0x000200f9,0x00000dbd,0x000200f8,
	0x00000dbd,0x000700f5,0x00000007,0x00001e8b,0x00001e79,0x00000dac,0x00001e8a,0x00000f53,
	0x000600a9,0x0000002a,0x00001f34,0x00000db6,0x0000018d,0x00001e7e,0x00050051,0x00000006,
	0x00000dbf,0x00001e8b,0x00000000,0x000500c7,0x00000006,0x00000dc0,0x00000dbf,0x000001f2,
	0x000300f7,0x00000fad,0x00000000,0x000300fb,0x00000072,0x00000f8a,0x000200f8,0x00000f8a,
	0x000500c2,0x00000006,0x00000fa1,0x00000dbf,0x000001eb,0x00050051,0x00000006,0x00000fa3,
	0x00001e8b,0x00000001,0x000500c4,0x00000006,0x00000fa6,0x00000fa3,0x00001d8b,0x000500c5,
	0x00000006,0x00000fa7,0x00000fa1,0x00000fa6,0x000500c2,0x00000006,0x00000fab,0x00000fa3,
	0x000001eb,0x00050050,0x00000007,0x00000fac,0x00000fa7,0x00000fab,0x000200f9,0x00000fad,
	0x000200f8,0x00000fad,0x000500ab,0x00000009,0x00000dc4,0x00000dc0,0x00000072,0x000500ac,
	0x00000009,0x00000fb2,0x00000dc0,0x00000198,0x000400a8,0x00000009,0x00000fb3,0x00000fb2,
	0x000300f7,0x00000fbe,0x00000000,0x000400fa,0x00000fb3,0x00000fb4,0x00000fbe,0x000200f8,
	0x00000fb4,0x000500aa,0x00000009,0x00000fb6,0x00000dc0,0x00000198,0x000300f7,0x00000fbc,
	0x00000000,0x000400fa,0x00000fb6,0x00000fb7,0x00000fbc,0x000200f8,0x00000fb7,0x000500c7,
	0x00000006,0x00000fba,0x00000fa7,0x00000075,0x000500ab,0x00000009,0x00000fbb,0x00000fba,
	0x00000072,0x000200f9,0x00000fbc,0x000200f8,0x00000fbc,0x000700f5,0x00000009,0x00000fbd,
	0x00000fb6,0x00000fb4,0x00000fbb,0x00000fb7,0x000200f9,0x00000fbe,0x000200f8,0x00000fbe,
	0x000700f5,0x00000009,0x00000fbf,0x00000fb2,0x00000fad,0x00000fbd,0x00000fbc,0x000300f7,
	0x00000dcb,0x00000000,0x000400fa,0x00000fbf,0x00000dc8,0x00000dcb,0x000200f8,0x00000dc8,
	0x00050080,0x00000006,0x00000fc7,0x00000fa7,0x00000075,0x000500b0,0x00000009,0x00000fd1,
	0x00000fc7,0x00000fa7,0x000600a9,0x00000006,0x00000fd2,0x00000fd1,0x00000075,0x00000072,
	0x00050080,0x00000006,0x00000fd3,0x00000fab,0x00000fd2,0x00050050,0x00000007,0x00000fd4,
	0x00000fc7,0x00000fd3,0x000200f9,0x00000dcb,0x000200f8,0x00000dcb,0x000700f5,0x00000007,
	0x00001e92,0x00000fac,0x00000fbe,0x00000fd4,0x00000dc8,0x000500aa,0x00000009,0x00000dcd,
	0x00001f34,0x0000018d,0x000300f7,0x00000dd2,0x00000000,0x000400fa,0x00000dcd,0x00000dce,
	0x00000dd2,0x000200f8,0x00000dce,0x00050051,0x00000006,0x00000dd0,0x00001e92,0x00000001,
	0x000500b0,0x00000009,0x00000dd1,0x00000dd0,0x0000017e,0x000200f9,0x00000dd2,0x000200f8,
	0x00000dd2,0x000700f5,0x00000009,0x00000dd3,0x00000dcd,0x00000dcb,0x00000dd1,0x00000dce,
	0x000300f7,0x00000e01,0x00000000,0x000400fa,0x00000dd3,0x00000dd4,0x00000de0,0x000200f8,
	0x00000de0,0x00050051,0x00000006,0x00000de2,0x00001e92,0x00000001,0x000500ae,0x00000009,
	0x00000de3,0x00000de2,0x00000203,0x000300f7,0x00000de9,0x00000000,0x000400fa,0x00000de3,
	0x00000de4,0x00000de9,0x000200f8,0x00000de4,0x000300f7,0x00001004,0x00000000,0x000300fb,
	0x00000072,0x00000fe1,0x000200f8,0x00000fe1,0x00050051,0x00000006,0x00000ff6,0x00001e92,
	0x00000000,0x000500c2,0x00000006,0x00000ff8,0x00000ff6,0x00000075,0x000500c4,0x00000006,
	0x00000ffd,0x00000de2,0x00001d89,0x000500c5,0x00000006,0x00000ffe,0x00000ff8,0x00000ffd,
	0x000500c2,0x00000006,0x00001002,0x00000de2,0x00000075,0x00050050,0x00000007,0x00001003,
	0x00000ffe,0x00001002,0x000200f9,0x00001004,0x000200f8,0x00001004,0x00050080,0x0000002a,
	0x00000de8,0x00001f34,0x000001d8,0x000200f9,0x00000de9,0x000200f8,0x00000de9,0x000700f5,
	0x00000007,0x00001e96,0x00001e92,0x00000de0,0x00001003,0x00001004,0x000700f5,0x0000002a,
	0x00001e95,0x00001f34,0x00000de0,0x00000de8,0x00001004,0x000500ad,0x00000009,0x00000deb,
	0x00001e95,0x00000191,0x000300f7,0x00000df2,0x00000000,0x000400fa,0x00000deb,0x00000dec,
	0x00000df2,0x000200f8,0x00000dec,0x000500c4,0x00000006,0x00000dee,0x00001e6d,0x00000185,
	0x000500c5,0x00000006,0x00000def,0x00000dee,0x00000259,0x00050050,0x00000007,0x00000df0,
	0x00000256,0x00000def,0x000200f9,0x00000e1e,0x000200f8,0x00000df2,0x00050051,0x00000006,
	0x00000df4,0x00001e96,0x00000000,0x000500c4,0x00000006,0x00000df6,0x00001e6d,0x00000185,
	0x00050080,0x0000002a,0x00000df8,0x00001e95,0x00000191,0x0004007c,0x00000006,0x00000df9,
	0x00000df8,0x000500c4,0x00000006,0x00000dfa,0x00000df9,0x0000016e,0x000500c5,0x00000006,
	0x00000dfb,0x00000df6,0x00000dfa,0x00050051,0x00000006,0x00000dfd,0x00001e96,0x00000001,
	0x000500c7,0x00000006,0x00000dfe,0x00000dfd,0x00000177,0x000500c5,0x00000006,0x00000dff,
	0x00000dfb,0x00000dfe,0x00050050,0x00000007,0x00000e00,0x00000df4,0x00000dff,0x000200f9,
	0x00000e01,0x000200f8,0x00000dd4,0x00050051,0x00000006,0x00000dd6,0x00001e92,0x00000000,
	0x000500c4,0x00000006,0x00000dd8,0x00001e6d,0x00000185,0x00050051,0x00000006,0x00000dda,
	0x00001e92,0x00000001,0x000500c5,0x00000006,0x00000ddb,0x00000dd8,0x00000dda,0x00050050,
	0x00000007,0x00000ddc,0x00000dd6,0x00000ddb,0x000500c5,0x00000006,0x00000fdb,0x00000dd6,
	0x00000dda,0x000500ab,0x00000009,0x00000ddf,0x00000fdb,0x00000072,0x000200f9,0x00000e01,
	0x000200f8,0x00000e01,0x000700f5,0x00000007,0x00001e9e,0x00000e00,0x00000df2,0x00000ddc,
	0x00000dd4,0x000700f5,0x00000009,0x00001e97,0x0000022e,0x00000df2,0x00000ddf,0x00000dd4,
	0x000300f7,0x00000e13,0x00000000,0x000400fa,0x0000026d,0x00000e02,0x00000e06,0x000200f8,
	0x00000e06,0x000300f7,0x00000e11,0x00000000,0x000400fa,0x00000275,0x00000e07,0x00000e10,
	0x000200f8,0x00000e10,0x000200f9,0x00000e11,0x000200f8,0x00000e07,0x000400a8,0x00000009,
	0x00000e09,0x00001e97,0x000300f7,0x00000e0e,0x00000000,0x000400fa,0x00000e09,0x00000e0a,
	0x00000e0e,0x000200f8,0x00000e0a,0x000500a7,0x00000009,0x00000e0d,0x00000db4,0x00000dc4,
	0x000200f9,0x00000e0e,0x000200f8,0x00000e0e,0x000700f5,0x00000009,0x00000e0f,0x00001e97,
	0x00000e07,0x00000e0d,0x00000e0a,0x000200f9,0x00000e11,0x000200f8,0x00000e11,0x000700f5,
	0x00000009,0x00001e9a,0x0000022e,0x00000e10,0x00000e0f,0x00000e0e,0x000200f9,0x00000e13,
	0x000200f8,0x00000e02,0x000500a7,0x00000009,0x00000e05,0x00000db4,0x00000dc4,0x000200f9,
	0x00000e13,0x000200f8,0x00000e13,0x000700f5,0x00000009,0x00001e9b,0x00001e9a,0x00000e11,
	0x00000e05,0x00000e02,0x000200f9,0x00000e1c,0x000200f8,0x00000e1c,0x000600a9,0x00000006,
	0x00001f35,0x00001e9b,0x000001c3,0x00000072,0x000200f9,0x00000e1e,0x000200f8,0x00000e1e,
	0x000700f5,0x00000007,0x00001ea3,0x00000df0,0x00000dec,0x00001e9e,0x00000e1c,0x000700f5,
	0x00000006,0x00001ea2,0x000001eb,0x00000dec,0x00001f35,0x00000e1c,0x000200f9,0x00000b73,
	0x000200f8,0x00000b6b,0x000200f9,0x00000b73,0x000200f8,0x00000b73,0x000700f5,0x00000007,
	0x00001ea5,0x00001ea3,0x00000e1e,0x000000c8,0x00000b6b,0x000700f5,0x00000006,0x00001ea4,
	0x00001ea2,0x00000e1e,0x00000072,0x00000b6b,0x000200f9,0x00000b75,0x000200f8,0x00000b75,
	0x000b00f5,0x00000007,0x00001eab,0x00000b1e,0x00000bf1,0x00000b2b,0x00000b20,0x00001d90,
	0x00000c2b,0x00001ea5,0x00000b73,0x000b00f5,0x00000006,0x00001eaa,0x00001ea8,0x00000bf1,
	0x00000072,0x00000b20,0x00001ea6,0x00000c2b,0x00001ea4,0x00000b73,0x000200f9,0x0000054f,
	0x000200f8,0x0000054f,0x000700f5,0x00000006,0x00001f17,0x00001f18,0x0000055a,0x00001eaa,
	0x00000b75,0x000700f5,0x00000007,0x00001f13,0x00001f14,0x0000055a,0x00001eab,0x00000b75,
	0x000200f9,0x00000545,0x000200f8,0x00000544,0x000300f7,0x00000645,0x00000000,0x000300fb,
	0x00000072,0x000005d1,0x000200f8,0x000005d1,0x00050051,0x00000006,0x00000651,0x00001d90,
	0x00000000,0x000500c7,0x00000006,0x00000654,0x0000052f,0x00000177,0x00050050,0x00000007,
	0x00000655,0x00000651,0x00000654,0x000500ab,0x00000009,0x00000657,0x00000531,0x00000072,
	0x000300f7,0x0000065d,0x00000000,0x000400fa,0x00000657,0x00000658,0x0000065d,0x000200f8,
	0x00000658,0x000500c5,0x00000006,0x0000065b,0x00000654,0x0000017e,0x00060052,0x00000007,
	0x00001b91,0x0000065b,0x00000655,0x00000001,0x000200f9,0x0000065d,0x000200f8,0x0000065d,
	0x000700f5,0x00000007,0x00001eac,0x00000655,0x000005d1,0x00001b91,0x00000658,0x000500c2,
	0x00000006,0x00000660,0x0000052f,0x00000185,0x000500aa,0x00000009,0x00000663,0x00000531,
	0x00000072,0x000300f7,0x00000669,0x00000000,0x000400fa,0x00000663,0x00000664,0x00000665,
	0x000200f8,0x00000665,0x0004007c,0x0000002a,0x00000667,0x00000531,0x00050082,0x0000002a,
	0x00000668,0x00000667,0x00000191,0x000200f9,0x00000669,0x000200f8,0x00000664,0x000200f9,
	0x00000669,0x000200f8,0x00000669,0x000700f5,0x0000002a,0x00001ead,0x00000668,0x00000665,
	0x0000018d,0x00000664,0x00050051,0x00000006,0x00000672,0x00001d91,0x00000001,0x000500c2,
	0x00000006,0x00000673,0x00000672,0x0000016e,0x000500c7,0x00000006,0x00000674,0x00000673,
	0x00000170,0x00050051,0x00000006,0x00000676,0x00001d91,0x00000000,0x000500c7,0x00000006,
	0x00000679,0x00000672,0x00000177,0x00050050,0x00000007,0x0000067a,0x00000676,0x00000679,
	0x000500ab,0x00000009,0x0000067c,0x00000674,0x00000072,0x000300f7,0x00000682,0x00000000,
	0x000400fa,0x0000067c,0x0000067d,0x00000682,0x000200f8,0x0000067d,0x000500c5,0x00000006,
	0x00000680,0x00000679,0x0000017e,0x00060052,0x00000007,0x00001b98,0x00000680,0x0000067a,
	0x00000001,0x000200f9,0x00000682,0x000200f8,0x00000682,0x000700f5,0x00000007,0x00001eae,
	0x0000067a,0x00000669,0x00001b98,0x0000067d,0x000500c2,0x00000006,0x00000685,0x00000672,
	0x00000185,0x000500aa,0x00000009,0x00000688,0x00000674,0x00000072,0x000300f7,0x0000068e,
	0x00000000,0x000400fa,0x00000688,0x00000689,0x0000068a,0x000200f8,0x0000068a,0x0004007c,
	0x0000002a,0x0000068c,0x00000674,0x00050082,0x0000002a,0x0000068d,0x0000068c,0x00000191,
	0x000200f9,0x0000068e,0x000200f8,0x00000689,0x000200f9,0x0000068e,0x000200f8,0x0000068e,
	0x000700f5,0x0000002a,0x00001eaf,0x0000068d,0x0000068a,0x0000018d,0x00000689,0x00050051,
	0x00000006,0x00000694,0x00001eac,0x00000000,0x00050051,0x00000006,0x00000696,0x00001eac,
	0x00000001,0x000500c5,0x00000006,0x00000697,0x00000694,0x00000696,0x000500aa,0x00000009,
	0x00000698,0x00000697,0x00000072,0x000300f7,0x000005fd,0x00000000,0x000400fa,0x00000698,
	0x000005df,0x000005fd,0x000200f8,0x000005df,0x00050051,0x00000006,0x0000069c,0x00001eae,
	0x00000000,0x00050051,0x00000006,0x0000069e,0x00001eae,0x00000001,0x000500c5,0x00000006,
	0x0000069f,0x0000069c,0x0000069e,0x000500ab,0x00000009,0x000005e3,0x0000069f,0x00000072,
	0x000300f7,0x000005f0,0x00000000,0x000400fa,0x000005e3,0x000005e4,0x000005f0,0x000200f8,
	0x000005e4,0x000500c4,0x00000006,0x000005e9,0x00000685,0x00000185,0x000500c7,0x00000006,
	0x000005ec,0x00000672,0x000001ae,0x000500c5,0x00000006,0x000005ed,0x000005e9,0x000005ec,
	0x00050050,0x00000007,0x000005ee,0x00000676,0x000005ed,0x000300f7,0x000006c1,0x00000000,
	0x000300fb,0x00000072,0x000006a8,0x000200f8,0x000006a8,0x000500c7,0x00000006,0x000006ad,
	0x000005ed,0x000001ae,0x000300f7,0x000006b3,0x00000000,0x000400fa,0x000001b2,0x000006af,
	0x000006b3,0x000200f8,0x000006af,0x000500c5,0x00000006,0x000006c9,0x00000676,0x000006ad,
	0x000500ab,0x00000009,0x000006b2,0x000006c9,0x00000072,0x000200f9,0x000006b3,0x000200f8,
	0x000006b3,0x000700f5,0x00000009,0x000006b4,0x000001b2,0x000006a8,0x000006b2,0x000006af,
	0x000300f7,0x000006b9,0x00000000,0x000400fa,0x000006b4,0x000006b5,0x000006b9,0x000200f8,
	0x000006b5,0x000500b0,0x00000009,0x000006b8,0x000006ad,0x0000017e,0x000200f9,0x000006b9,
	0x000200f8,0x000006b9,0x000700f5,0x00000009,0x000006ba,0x000006b4,0x000006b3,0x000006b8,
	0x000006b5,0x000300f7,0x000006be,0x00000000,0x000400fa,0x000006ba,0x000006bb,0x000006be,
	0x000200f8,0x000006bb,0x000200f9,0x000006c1,0x000200f8,0x000006be,0x000200f9,0x000006c1,
	0x000200f8,0x000006c1,0x000700f5,0x00000006,0x00001f0d,0x000001c3,0x000006bb,0x00000072,
	0x000006be,0x000200f9,0x00000645,0x000200f8,0x000005f0,0x000500aa,0x00000009,0x000005f5,
	0x00000660,0x00000685,0x000600a9,0x00000006,0x000005f6,0x000005f5,0x00000075,0x00000072,
	0x000500c4,0x00000006,0x000005f9,0x00000660,0x00000185,0x00050084,0x00000006,0x000005fa,
	0x000005f6,0x000005f9,0x00050050,0x00000007,0x000005fb,0x00000072,0x000005fa,0x000200f9,
	0x00000645,0x000200f8,0x000005fd,0x00050051,0x00000006,0x000006d6,0x00001eae,0x00000000,
	0x00050051,0x00000006,0x000006d8,0x00001eae,0x00000001,0x000500c5,0x00000006,0x000006d9,
	0x000006d6,0x000006d8,0x000500aa,0x00000009,0x000006da,0x000006d9,0x00000072,0x000300f7,
	0x00000604,0x00000000,0x000400fa,0x000006da,0x00000601,0x00000604,0x000200f8,0x00000601,
	0x000300f7,0x000006fb,0x00000000,0x000300fb,0x00000072,0x000006e2,0x000200f8,0x000006e2,
	0x000500c7,0x00000006,0x000006e7,0x0000052f,0x000001ae,0x000300f7,0x000006ed,0x00000000,
	0x000400fa,0x000001b2,0x000006e9,0x000006ed,0x000200f8,0x000006e9,0x000500c5,0x00000006,
	0x00000703,0x00000651,0x000006e7,0x000500ab,0x00000009,0x000006ec,0x00000703,0x00000072,
	0x000200f9,0x000006ed,0x000200f8,0x000006ed,0x000700f5,0x00000009,0x000006ee,0x000001b2,
	0x000006e2,0x000006ec,0x000006e9,0x000300f7,0x000006f3,0x00000000,0x000400fa,0x000006ee,
	0x000006ef,0x000006f3,0x000200f8,0x000006ef,0x000500b0,0x00000009,0x000006f2,0x000006e7,
	0x0000017e,0x000200f9,0x000006f3,0x000200f8,0x000006f3,0x000700f5,0x00000009,0x000006f4,
	0x000006ee,0x000006ed,0x000006f2,0x000006ef,0x000300f7,0x000006f8,0x00000000,0x000400fa,
	0x000006f4,0x000006f5,0x000006f8,0x000200f8,0x000006f5,0x000200f9,0x000006fb,0x000200f8,
	0x000006f8,0x000200f9,0x000006fb,0x000200f8,0x000006fb,0x000700f5,0x00000006,0x00001f0b,
	0x000001c3,0x000006f5,0x00000072,0x000006f8,0x000200f9,0x00000645,0x000200f8,0x00000604,
	0x000500b1,0x00000009,0x00000609,0x00001ead,0x00001eaf,0x000200f9,0x0000060e,0x000200f8,
	0x0000060e,0x000600a9,0x00000006,0x00001f36,0x00000609,0x00000660,0x00000685,0x000600a9,
	0x00000006,0x00001f37,0x00000609,0x00000685,0x00000660,0x000600a9,0x0000002a,0x00001f38,
	0x00000609,0x00001ead,0x00001eaf,0x000600a9,0x0000002a,0x00001f39,0x00000609,0x00001eaf,
	0x00001ead,0x00050050,0x00001f2e,0x00001f3a,0x00000609,0x00000609,0x000600a9,0x00000007,
	0x00001f3b,0x00001f3a,0x00001eac,0x00001eae,0x000600a9,0x00000007,0x00001f3d,0x00001f3a,
	0x00001eae,0x00001eac,0x000300f7,0x00000730,0x00000000,0x000300fb,0x00000072,0x0000070d,
	0x000200f8,0x0000070d,0x00050051,0x00000006,0x00000722,0x00001f3d,0x00000000,0x000500c4,
	0x00000006,0x00000724,0x00000722,0x000001eb,0x00050051,0x00000006,0x00000726,0x00001f3d,
	0x00000001,0x000500c4,0x00000006,0x00000728,0x00000726,0x000001eb,0x000500c2,0x00000006,
	0x0000072d,0x00000722,0x00001d8b,0x000500c5,0x00000006,0x0000072e,0x00000728,0x0000072d,
	0x000200f9,0x00000730,0x000200f8,0x00000730,0x000300f7,0x00000759,0x00000000,0x000300fb,
	0x00000072,0x00000736,0x000200f8,0x00000736,0x00050051,0x00000006,0x0000074b,0x00001f3b,
	0x00000000,0x000500c4,0x00000006,0x0000074d,0x0000074b,0x000001eb,0x00050051,0x00000006,
	0x0000074f,0x00001f3b,0x00000001,0x000500c4,0x00000006,0x00000751,0x0000074f,0x000001eb,
	0x000500c2,0x00000006,0x00000756,0x0000074b,0x00001d8b,0x000500c5,0x00000006,0x00000757,
	0x00000751,0x00000756,0x00050050,0x00000007,0x00000758,0x0000074d,0x00000757,0x000200f9,
	0x00000759,0x000200f8,0x00000759,0x00050082,0x0000002a,0x00000619,0x00001f39,0x00001f38,
	0x0004007c,0x00000006,0x0000061a,0x00000619,0x000300f7,0x0000079f,0x00000000,0x000300fb,
	0x00000072,0x00000765,0x000200f8,0x00000765,0x000500aa,0x00000009,0x00000767,0x0000061a,
	0x00000072,0x000300f7,0x0000076a,0x00000000,0x000400fa,0x00000767,0x00000768,0x0000076a,
	0x000200f8,0x00000768,0x000200f9,0x0000079f,0x000200f8,0x0000076a,0x000500ae,0x00000009,
	0x0000076c,0x0000061a,0x000000c4,0x000300f7,0x00000773,0x00000000,0x000400fa,0x0000076c,
	0x0000076d,0x00000773,0x000200f8,0x0000076d,0x000500c5,0x00000006,0x000007a7,0x0000074d,
	0x00000757,0x000500ab,0x00000009,0x00000770,0x000007a7,0x00000072,0x000600a9,0x00000006,
	0x00000771,0x00000770,0x00000075,0x00000072,0x00050050,0x00000007,0x00000772,0x00000771,
	0x00000072,0x000200f9,0x0000079f,0x000200f8,0x00000773,0x000300f7,0x000007d0,0x00000000,
	0x000300fb,0x00000072,0x000007ad,0x000200f8,0x000007ad,0x000300f7,0x000007b2,0x00000000,
	0x000400fa,0x00000767,0x000007b0,0x000007b2,0x000200f8,0x000007b0,0x000200f9,0x000007d0,
	0x000200f8,0x000007b2,0x000300f7,0x000007b6,0x00000000,0x000400fa,0x0000076c,0x000007b5,
	0x000007b6,0x000200f8,0x000007b5,0x000200f9,0x000007d0,0x000200f8,0x000007b6,0x000500ae,
	0x00000009,0x000007b8,0x0000061a,0x000000cb,0x000300f7,0x000007c0,0x00000000,0x000400fa,
	0x000007b8,0x000007b9,0x000007c0,0x000200f8,0x000007b9,0x00050082,0x00000006,0x000007bd,
	0x0000061a,0x000000cb,0x000500c2,0x00000006,0x000007be,0x00000757,0x000007bd,0x00050050,
	0x00000007,0x000007bf,0x000007be,0x00000072,0x000200f9,0x000007d0,0x000200f8,0x000007c0,
	0x000500c2,0x00000006,0x000007c4,0x0000074d,0x0000061a,0x00050082,0x00000006,0x000007c8,
	0x000000cb,0x0000061a,0x000500c4,0x00000006,0x000007c9,0x00000757,0x000007c8,0x000500c5,
	0x00000006,0x000007ca,0x000007c4,0x000007c9,0x000500c2,0x00000006,0x000007ce,0x00000757,
	0x0000061a,0x00050050,0x00000007,0x000007cf,0x000007ca,0x000007ce,0x000200f9,0x000007d0,
	0x000200f8,0x000007d0,0x000b00f5,0x00000007,0x00001eba,0x00000758,0x000007b0,0x000000c8,
	0x000007b5,0x000007bf,0x000007b9,0x000007cf,0x000007c0,0x000500ae,0x00000009,0x00000778,
	0x0000061a,0x000000cb,0x000300f7,0x00000797,0x00000000,0x000400fa,0x00000778,0x00000779,
	0x0000078f,0x000200f8,0x0000078f,0x000500c4,0x00000006,0x00000793,0x00000075,0x0000061a,
	0x00050082,0x00000006,0x00000794,0x00000793,0x00000075,0x000500c7,0x00000006,0x00000795,
	0x0000074d,0x00000794,0x000500ab,0x00000009,0x00000796,0x00000795,0x00000072,0x000200f9,
	0x00000797,0x000200f8,0x00000779,0x00050082,0x00000006,0x0000077b,0x0000061a,0x000000cb,
	0x000500ab,0x00000009,0x0000077e,0x0000074d,0x00000072,0x000400a8,0x00000009,0x0000077f,
	0x0000077e,0x000300f7,0x0000078d,0x00000000,0x000400fa,0x0000077f,0x00000780,0x0000078d,
	0x000200f8,0x00000780,0x000500ab,0x00000009,0x00000782,0x0000077b,0x00000072,0x000300f7,
	0x0000078b,0x00000000,0x000400fa,0x00000782,0x00000783,0x0000078b,0x000200f8,0x00000783,
	0x000500c4,0x00000006,0x00000787,0x00000075,0x0000077b,0x00050082,0x00000006,0x00000788,
	0x00000787,0x00000075,0x000500c7,0x00000006,0x00000789,0x00000757,0x00000788,0x000500ab,
	0x00000009,0x0000078a,0x00000789,0x00000072,0x000200f9,0x0000078b,0x000200f8,0x0000078b,
	0x000700f5,0x00000009,0x0000078c,0x00000782,0x00000780,0x0000078a,0x00000783,0x000200f9,
	0x0000078d,0x000200f8,0x0000078d,0x000700f5,0x00000009,0x0000078e,0x0000077e,0x00000779,
	0x0000078c,0x0000078b,0x000200f9,0x00000797,0x000200f8,0x00000797,0x000700f5,0x00000009,
	0x00001ebb,0x00000796,0x0000078f,0x0000078e,0x0000078d,0x000600a9,0x00000006,0x00000799,
	0x00001ebb,0x00000075,0x00000072,0x00050051,0x00000006,0x0000079b,0x00001eba,0x00000000,
	0x000500c5,0x00000006,0x0000079c,0x0000079b,0x00000799,0x00060052,0x00000007,0x00001bbf,
	0x0000079c,0x00001eba,0x00000000,0x000200f9,0x0000079f,0x000200f8,0x0000079f,0x000900f5,
	0x00000007,0x00001ebf,0x00000758,0x00000768,0x00000772,0x0000076d,0x00001bbf,0x00000797,
	0x000500aa,0x00000009,0x00000620,0x00001f37,0x00001f36,0x000300f7,0x00000638,0x00000000,
	0x000400fa,0x00000620,0x00000621,0x00000627,0x000200f8,0x00000627,0x00050051,0x00000006,
	0x000007ec,0x00001ebf,0x00000001,0x000500ac,0x00000009,0x000007ed,0x0000072e,0x000007ec,
	0x000400a8,0x00000009,0x000007ee,0x000007ed,0x000300f7,0x000007fd,0x00000000,0x000400fa,
	0x000007ee,0x000007ef,0x000007fd,0x000200f8,0x000007ef,0x000500aa,0x00000009,0x000007f4,
	0x0000072e,0x000007ec,0x000300f7,0x000007fb,0x00000000,0x000400fa,0x000007f4,0x000007f5,
	0x000007fb,0x000200f8,0x000007f5,0x00050051,0x00000006,0x000007f9,0x00001ebf,0x00000000,
	0x000500ae,0x00000009,0x000007fa,0x00000724,0x000007f9,0x000200f9,0x000007fb,0x000200f8,
	0x000007fb,0x000700f5,0x00000009,0x000007fc,0x000007f4,0x000007ef,0x000007fa,0x000007f5,
	0x000200f9,0x000007fd,0x000200f8,0x000007fd,0x000700f5,0x00000009,0x000007fe,0x000007ed,
	0x00000627,0x000007fc,0x000007fb,0x000300f7,0x00000637,0x00000000,0x000400fa,0x000007fe,
	0x0000062b,0x00000631,0x000200f8,0x00000631,0x00050051,0x00000006,0x00000816,0x00001ebf,
	0x00000000,0x00050082,0x00000006,0x00000819,0x00000816,0x00000724,0x00050082,0x00000006,
	0x0000081e,0x000007ec,0x0000072e,0x000500b0,0x00000009,0x00000823,0x00000816,0x00000724,
	0x000600a9,0x00000006,0x00000824,0x00000823,0x00000075,0x00000072,0x00050082,0x00000006,
	0x00000825,0x0000081e,0x00000824,0x00050050,0x00000007,0x00000826,0x00000819,0x00000825,
	0x000200f9,0x00000637,0x000200f8,0x0000062b,0x00050051,0x00000006,0x00000804,0x00001ebf,
	0x00000000,0x00050082,0x00000006,0x00000805,0x00000724,0x00000804,0x00050082,0x00000006,
	0x0000080a,0x0000072e,0x000007ec,0x000500b0,0x00000009,0x0000080f,0x00000724,0x00000804,
	0x000600a9,0x00000006,0x00000810,0x0000080f,0x00000075,0x00000072,0x00050082,0x00000006,
	0x00000811,0x0000080a,0x00000810,0x00050050,0x00000007,0x00000812,0x00000805,0x00000811,
	0x000200f9,0x00000637,0x000200f8,0x00000637,0x000700f5,0x00000007,0x00001ed1,0x00000826,
	0x00000631,0x00000812,0x0000062b,0x000600a9,0x00000006,0x00001f3e,0x000007fe,0x00001f37,
	0x00001f36,0x000200f9,0x00000638,0x000200f8,0x00000621,0x00050051,0x00000006,0x000007d8,
	0x00001ebf,0x00000000,0x00050080,0x00000006,0x000007d9,0x00000724,0x000007d8,0x00050051,
	0x00000006,0x000007de,0x00001ebf,0x00000001,0x00050080,0x00000006,0x000007df,0x0000072e,
	0x000007de,0x000500b0,0x00000009,0x000007e3,0x000007d9,0x00000724,0x000600a9,0x00000006,
	0x000007e4,0x000007e3,0x00000075,0x00000072,0x00050080,0x00000006,0x000007e5,0x000007df,
	0x000007e4,0x00050050,0x00000007,0x000007e6,0x000007d9,0x000007e5,0x000200f9,0x00000638,
	0x000200f8,0x00000638,0x000700f5,0x00000006,0x00001ed2,0x00001f3e,0x00000637,0x00001f37,
	0x00000621,0x000700f5,0x00000007,0x00001ed0,0x00001ed1,0x00000637,0x000007e6,0x00000621,
	0x00050051,0x00000006,0x0000082a,0x00001ed0,0x00000000,0x00050051,0x00000006,0x0000082c,
	0x00001ed0,0x00000001,0x000500c5,0x00000006,0x0000082d,0x0000082a,0x0000082c,0x000500aa,
	0x00000009,0x0000082e,0x0000082d,0x00000072,0x000300f7,0x00000643,0x00000000,0x000400fa,
	0x0000082e,0x0000063b,0x0000063d,0x000200f8,0x0000063d,0x000300f7,0x000008ee,0x00000000,
	0x000300fb,0x00000072,0x00000859,0x000200f8,0x00000859,0x000200f9,0x0000085a,0x000200f8,
	0x0000085a,0x000700f5,0x0000002a,0x00001ee4,0x00001f39,0x00000859,0x00000863,0x00000864,
	0x000700f5,0x00000007,0x00001edd,0x00001ed0,0x00000859,0x00001be5,0x00000864,0x00050051,
	0x00000006,0x0000085d,0x00001edd,0x00000001,0x000500ae,0x00000009,0x0000085e,0x0000085d,
	0x000001d2,0x000400f6,0x00000865,0x00000864,0x00000000,0x000400fa,0x0000085e,0x0000085f,
	0x00000865,0x000200f8,0x0000085f,0x000300f7,0x00000934,0x00000000,0x000300fb,0x00000072,
	0x000008fa,0x000200f8,0x000008fa,0x000300f7,0x00000965,0x00000000,0x000300fb,0x00000072,
	0x00000942,0x000200f8,0x00000942,0x00050051,0x00000006,0x00000957,0x00001edd,0x00000000,
	0x000500c2,0x00000006,0x00000959,0x00000957,0x00000075,0x000500c4,0x00000006,0x0000095e,
	0x0000085d,0x00001d89,0x000500c5,0x00000006,0x0000095f,0x00000959,0x0000095e,0x000500c2,
	0x00000006,0x00000963,0x0000085d,0x00000075,0x00050050,0x00000007,0x00000964,0x0000095f,
	0x00000963,0x000200f9,0x00000965,0x000200f8,0x00000965,0x000500c7,0x00000006,0x0000092a,
	0x00000957,0x00000075,0x000500ab,0x00000009,0x0000092b,0x0000092a,0x00000072,0x000600a9,
	0x00000006,0x0000092e,0x0000092b,0x00000075,0x00000072,0x000500c5,0x00000006,0x00000931,
	0x0000095f,0x0000092e,0x00060052,0x00000007,0x00001be5,0x00000931,0x00000964,0x00000000,
	0x000200f9,0x00000934,0x000200f8,0x00000934,0x00050080,0x0000002a,0x00000863,0x00001ee4,
	0x000001d8,0x000200f9,0x00000864,0x000200f8,0x00000864,0x000200f9,0x0000085a,0x000200f8,
	0x00000865,0x000200f9,0x00000866,0x000200f8,0x00000866,0x000700f5,0x0000002a,0x00001ee3,
	0x00001ee4,0x00000865,0x0000086f,0x00000870,0x000700f5,0x00000007,0x00001ede,0x00001edd,
	0x00000865,0x0000098d,0x00000870,0x00050051,0x00000006,0x00000869,0x00001ede,0x00000001,
	0x000500b0,0x00000009,0x0000086a,0x00000869,0x000001e2,0x000400f6,0x00000871,0x00000870,
	0x00000000,0x000400fa,0x0000086a,0x0000086b,0x00000871,0x000200f8,0x0000086b,0x000300f7,
	0x0000098e,0x00000000,0x000300fb,0x00000072,0x0000096b,0x000200f8,0x0000096b,0x00050051,
	0x00000006,0x00000980,0x00001ede,0x00000000,0x000500c4,0x00000006,0x00000982,0x00000980,
	0x00000075,0x000500c4,0x00000006,0x00000986,0x00000869,0x00000075,0x000500c2,0x00000006,
	0x0000098b,0x00000980,0x00001d89,0x000500c5,0x00000006,0x0000098c,0x00000986,0x0000098b,
	0x00050050,0x00000007,0x0000098d,0x00000982,0x0000098c,0x000200f9,0x0000098e,0x000200f8,
	0x0000098e,0x00050082,0x0000002a,0x0000086f,0x00001ee3,0x000001d8,0x000200f9,0x00000870,
	0x000200f8,0x00000870,0x000200f9,0x00000866,0x000200f8,0x00000871,0x000300f7,0x000009b7,
	0x00000000,0x000300fb,0x00000072,0x00000994,0x000200f8,0x00000994,0x00050051,0x00000006,
	0x000009a9,0x00001ede,0x00000000,0x000500c2,0x00000006,0x000009ab,0x000009a9,0x000001eb,
	0x000500c4,0x00000006,0x000009b0,0x00000869,0x00001d8b,0x000500c5,0x00000006,0x000009b1,
	0x000009ab,0x000009b0,0x000500c2,0x00000006,0x000009b5,0x00000869,0x000001eb,0x00050050,
	0x00000007,0x000009b6,0x000009b1,0x000009b5,0x000200f9,0x000009b7,0x000200f8,0x000009b7,
	0x000500c7,0x00000006,0x00000876,0x000009a9,0x000001f2,0x000500ac,0x00000009,0x000009bc,
	0x00000876,0x00000198,0x000400a8,0x00000009,0x000009bd,0x000009bc,0x000300f7,0x000009c8,
	0x00000000,0x000400fa,0x000009bd,0x000009be,0x000009c8,0x000200f8,0x000009be,0x000500aa,
	0x00000009,0x000009c0,0x00000876,0x00000198,0x000300f7,0x000009c6,0x00000000,0x000400fa,
	0x000009c0,0x000009c1,0x000009c6,0x000200f8,0x000009c1,0x000500c7,0x00000006,0x000009c4,
	0x000009b1,0x00000075,0x000500ab,0x00000009,0x000009c5,0x000009c4,0x00000072,0x000200f9,
	0x000009c6,0x000200f8,0x000009c6,0x000700f5,0x00000009,0x000009c7,0x000009c0,0x000009be,
	0x000009c5,0x000009c1,0x000200f9,0x000009c8,0x000200f8,0x000009c8,0x000700f5,0x00000009,
	0x000009c9,0x000009bc,0x000009b7,0x000009c7,0x000009c6,0x000300f7,0x0000087c,0x00000000,
	0x000400fa,0x000009c9,0x00000879,0x0000087c,0x000200f8,0x00000879,0x00050080,0x00000006,
	0x000009d1,0x000009b1,0x00000075,0x000500b0,0x00000009,0x000009db,0x000009d1,0x000009b1,
	0x000600a9,0x00000006,0x000009dc,0x000009db,0x00000075,0x00000072,0x00050080,0x00000006,
	0x000009dd,0x000009b5,0x000009dc,0x00050050,0x00000007,0x000009de,0x000009d1,0x000009dd,
	0x000200f9,0x0000087c,0x000200f8,0x0000087c,0x000700f5,0x00000007,0x00001ee6,0x000009b6,
	0x000009c8,0x000009de,0x00000879,0x00050051,0x00000006,0x0000087f,0x00001ee6,0x00000001,
	0x000500aa,0x00000009,0x00000880,0x0000087f,0x00000203,0x000600a9,0x0000002a,0x00000881,
	0x00000880,0x000001d8,0x00000205,0x00050080,0x0000002a,0x00000882,0x00001ee3,0x00000881,
	0x000500b1,0x00000009,0x00000884,0x00000882,0x0000018d,0x000500b1,0x00000009,0x00000886,
	0x00001ee3,0x0000018d,0x000300f7,0x0000088d,0x00000000,0x000400fa,0x00000886,0x00000887,
	0x0000088d,0x000200f8,0x00000887,0x00050082,0x0000002a,0x00000889,0x0000018d,0x00001ee3,
	0x0004007c,0x00000006,0x0000088a,0x00000889,0x000300f7,0x00000a23,0x00000000,0x000300fb,
	0x00000072,0x000009e9,0x000200f8,0x000009e9,0x000500aa,0x00000009,0x000009eb,0x0000088a,
	0x00000072,0x000300f7,0x000009ee,0x00000000,0x000400fa,0x000009eb,0x000009ec,0x000009ee,
	0x000200f8,0x000009ec,0x000200f9,0x00000a23,0x000200f8,0x000009ee,0x000500ae,0x00000009,
	0x000009f0,0x0000088a,0x000000c4,0x000300f7,0x000009f7,0x00000000,0x000400fa,0x000009f0,
	0x000009f1,0x000009f7,0x000200f8,0x000009f1,0x000500c5,0x00000006,0x00000a2b,0x000009a9,
	0x00000869,0x000500ab,0x00000009,0x000009f4,0x00000a2b,0x00000072,0x000600a9,0x00000006,
	0x000009f5,0x000009f4,0x00000075,0x00000072,0x00050050,0x00000007,0x000009f6,0x000009f5,
	0x00000072,0x000200f9,0x00000a23,0x000200f8,0x000009f7,0x000300f7,0x00000a54,0x00000000,
	0x000300fb,0x00000072,0x00000a31,0x000200f8,0x00000a31,0x000300f7,0x00000a36,0x00000000,
	0x000400fa,0x000009eb,0x00000a34,0x00000a36,0x000200f8,0x00000a34,0x000200f9,0x00000a54,
	0x000200f8,0x00000a36,0x000300f7,0x00000a3a,0x00000000,0x000400fa,0x000009f0,0x00000a39,
	0x00000a3a,0x000200f8,0x00000a39,0x000200f9,0x00000a54,0x000200f8,0x00000a3a,0x000500ae,
	0x00000009,0x00000a3c,0x0000088a,0x000000cb,0x000300f7,0x00000a44,0x00000000,0x000400fa,
	0x00000a3c,0x00000a3d,0x00000a44,0x000200f8,0x00000a3d,0x00050082,0x00000006,0x00000a41,
	0x0000088a,0x000000cb,0x000500c2,0x00000006,0x00000a42,0x00000869,0x00000a41,0x00050050,
	0x00000007,0x00000a43,0x00000a42,0x00000072,0x000200f9,0x00000a54,0x000200f8,0x00000a44,
	0x000500c2,0x00000006,0x00000a48,0x000009a9,0x0000088a,0x00050082,0x00000006,0x00000a4c,
	0x000000cb,0x0000088a,0x000500c4,0x00000006,0x00000a4d,0x00000869,0x00000a4c,0x000500c5,
	0x00000006,0x00000a4e,0x00000a48,0x00000a4d,0x000500c2,0x00000006,0x00000a52,0x00000869,
	0x0000088a,0x00050050,0x00000007,0x00000a53,0x00000a4e,0x00000a52,0x000200f9,0x00000a54,
	0x000200f8,0x00000a54,0x000b00f5,0x00000007,0x00001eea,0x00001ede,0x00000a34,0x000000c8,
	0x00000a39,0x00000a43,0x00000a3d,0x00000a53,0x00000a44,0x000500ae,0x00000009,0x000009fc,
	0x0000088a,0x000000cb,0x000300f7,0x00000a1b,0x00000000,0x000400fa,0x000009fc,0x000009fd,
	0x00000a13,0x000200f8,0x00000a13,0x000500c4,0x00000006,0x00000a17,0x00000075,0x0000088a,
	0x00050082,0x00000006,0x00000a18,0x00000a17,0x00000075,0x000500c7,0x00000006,0x00000a19,
	0x000009a9,0x00000a18,0x000500ab,0x00000009,0x00000a1a,0x00000a19,0x00000072,0x000200f9,
	0x00000a1b,0x000200f8,0x000009fd,0x00050082,0x00000006,0x000009ff,0x0000088a,0x000000cb,
	0x000500ab,0x00000009,0x00000a02,0x000009a9,0x00000072,0x000400a8,0x00000009,0x00000a03,
	0x00000a02,0x000300f7,0x00000a11,0x00000000,0x000400fa,0x00000a03,0x00000a04,0x00000a11,
	0x000200f8,0x00000a04,0x000500ab,0x00000009,0x00000a06,0x000009ff,0x00000072,0x000300f7,
	0x00000a0f,0x00000000,0x000400fa,0x00000a06,0x00000a07,0x00000a0f,0x000200f8,0x00000a07,
	0x000500c4,0x00000006,0x00000a0b,0x00000075,0x000009ff,0x00050082,0x00000006,0x00000a0c,
	0x00000a0b,0x00000075,0x000500c7,0x00000006,0x00000a0d,0x00000869,0x00000a0c,0x000500ab,
	0x00000009,0x00000a0e,0x00000a0d,0x00000072,0x000200f9,0x00000a0f,0x000200f8,0x00000a0f,
	0x000700f5,0x00000009,0x00000a10,0x00000a06,0x00000a04,0x00000a0e,0x00000a07,0x000200f9,
	0x00000a11,0x000200f8,0x00000a11,0x000700f5,0x00000009,0x00000a12,0x00000a02,0x000009fd,
	0x00000a10,0x00000a0f,0x000200f9,0x00000a1b,0x000200f8,0x00000a1b,0x000700f5,0x00000009,
	0x00001eeb,0x00000a1a,0x00000a13,0x00000a12,0x00000a11,0x000600a9,0x00000006,0x00000a1d,
	0x00001eeb,0x00000075,0x00000072,0x00050051,0x00000006,0x00000a1f,0x00001eea,0x00000000,
	0x000500c5,0x00000006,0x00000a20,0x00000a1f,0x00000a1d,0x00060052,0x00000007,0x00001c02,
	0x00000a20,0x00001eea,0x00000000,0x000200f9,0x00000a23,0x000200f8,0x00000a23,0x000900f5,
	0x00000007,0x00001eef,0x00001ede,0x000009ec,0x000009f6,0x000009f1,0x00001c02,0x00000a1b,
	0x000200f9,0x0000088d,0x000200f8,0x0000088d,0x000700f5,0x00000007,0x00001ef0,0x00001ede,
	0x0000087c,0x00001eef,0x00000a23,0x000600a9,0x0000002a,0x00001f3f,0x00000886,0x0000018d,
	0x00001ee3,0x00050051,0x00000006,0x0000088f,0x00001ef0,0x00000000,0x000500c7,0x00000006,
	0x00000890,0x0000088f,0x000001f2,0x000300f7,0x00000a7d,0x00000000,0x000300fb,0x00000072,
	0x00000a5a,0x000200f8,0x00000a5a,0x000500c2,0x00000006,0x00000a71,0x0000088f,0x000001eb,
	0x00050051,0x00000006,0x00000a73,0x00001ef0,0x00000001,0x000500c4,0x00000006,0x00000a76,
	0x00000a73,0x00001d8b,0x000500c5,0x00000006,0x00000a77,0x00000a71,0x00000a76,0x000500c2,
	0x00000006,0x00000a7b,0x00000a73,0x000001eb,0x00050050,0x00000007,0x00000a7c,0x00000a77,
	0x00000a7b,0x000200f9,0x00000a7d,0x000200f8,0x00000a7d,0x000500ab,0x00000009,0x00000894,
	0x00000890,0x00000072,0x000500ac,0x00000009,0x00000a82,0x00000890,0x00000198,0x000400a8,
	0x00000009,0x00000a83,0x00000a82,0x000300f7,0x00000a8e,0x00000000,0x000400fa,0x00000a83,
	0x00000a84,0x00000a8e,0x000200f8,0x00000a84,0x000500aa,0x00000009,0x00000a86,0x00000890,
	0x00000198,0x000300f7,0x00000a8c,0x00000000,0x000400fa,0x00000a86,0x00000a87,0x00000a8c,
	0x000200f8,0x00000a87,0x000500c7,0x00000006,0x00000a8a,0x00000a77,0x00000075,0x000500ab,
	0x00000009,0x00000a8b,0x00000a8a,0x00000072,0x000200f9,0x00000a8c,0x000200f8,0x00000a8c,
	0x000700f5,0x00000009,0x00000a8d,0x00000a86,0x00000a84,0x00000a8b,0x00000a87,0x000200f9,
	0x00000a8e,0x000200f8,0x00000a8e,0x000700f5,0x00000009,0x00000a8f,0x00000a82,0x00000a7d,
	0x00000a8d,0x00000a8c,0x000300f7,0x0000089b,0x00000000,0x000400fa,0x00000a8f,0x00000898,
	0x0000089b,0x000200f8,0x00000898,0x00050080,0x00000006,0x00000a97,0x00000a77,0x00000075,
	0x000500b0,0x00000009,0x00000aa1,0x00000a97,0x00000a77,0x000600a9,0x00000006,0x00000aa2,
	0x00000aa1,0x00000075,0x00000072,0x00050080,0x00000006,0x00000aa3,0x00000a7b,0x00000aa2,
	0x00050050,0x00000007,0x00000aa4,0x00000a97,0x00000aa3,0x000200f9,0x0000089b,0x000200f8,
	0x0000089b,0x000700f5,0x00000007,0x00001ef7,0x00000a7c,0x00000a8e,0x00000aa4,0x00000898,
	0x000500aa,0x00000009,0x0000089d,0x00001f3f,0x0000018d,0x000300f7,0x000008a2,0x00000000,
	0x000400fa,0x0000089d,0x0000089e,0x000008a2,0x000200f8,0x0000089e,0x00050051,0x00000006,
	0x000008a0,0x00001ef7,0x00000001,0x000500b0,0x00000009,0x000008a1,0x000008a0,0x0000017e,
	0x000200f9,0x000008a2,0x000200f8,0x000008a2,0x000700f5,0x00000009,0x000008a3,0x0000089d,
	0x0000089b,0x000008a1,0x0000089e,0x000300f7,0x000008d1,0x00000000,0x000400fa,0x000008a3,
	0x000008a4,0x000008b0,0x000200f8,0x000008b0,0x00050051,0x00000006,0x000008b2,0x00001ef7,
	0x00000001,0x000500ae,0x00000009,0x000008b3,0x000008b2,0x00000203,0x000300f7,0x000008b9,
	0x00000000,0x000400fa,0x000008b3,0x000008b4,0x000008b9,0x000200f8,0x000008b4,0x000300f7,
	0x00000ad4,0x00000000,0x000300fb,0x00000072,0x00000ab1,0x000200f8,0x00000ab1,0x00050051,
	0x00000006,0x00000ac6,0x00001ef7,0x00000000,0x000500c2,0x00000006,0x00000ac8,0x00000ac6,
	0x00000075,0x000500c4,0x00000006,0x00000acd,0x000008b2,0x00001d89,0x000500c5,0x00000006,
	0x00000ace,0x00000ac8,0x00000acd,0x000500c2,0x00000006,0x00000ad2,0x000008b2,0x00000075,
	0x00050050,0x00000007,0x00000ad3,0x00000ace,0x00000ad2,0x000200f9,0x00000ad4,0x000200f8,
	0x00000ad4,0x00050080,0x0000002a,0x000008b8,0x00001f3f,0x000001d8,0x000200f9,0x000008b9,
	0x000200f8,0x000008b9,0x000700f5,0x00000007,0x00001efb,0x00001ef7,0x000008b0,0x00000ad3,
	0x00000ad4,0x000700f5,0x0000002a,0x00001efa,0x00001f3f,0x000008b0,0x000008b8,0x00000ad4,
	0x000500ad,0x00000009,0x000008bb,0x00001efa,0x00000191,0x000300f7,0x000008c2,0x00000000,
	0x000400fa,0x000008bb,0x000008bc,0x000008c2,0x000200f8,0x000008bc,0x000500c4,0x00000006,
	0x000008be,0x00001ed2,0x00000185,0x000500c5,0x00000006,0x000008bf,0x000008be,0x00000259,
	0x00050050,0x00000007,0x000008c0,0x00000256,0x000008bf,0x000200f9,0x000008ee,0x000200f8,
	0x000008c2,0x00050051,0x00000006,0x000008c4,0x00001efb,0x00000000,0x000500c4,0x00000006,
	0x000008c6,0x00001ed2,0x00000185,0x00050080,0x0000002a,0x000008c8,0x00001efa,0x00000191,
	0x0004007c,0x00000006,0x000008c9,0x000008c8,0x000500c4,0x00000006,0x000008ca,0x000008c9,
	0x0000016e,0x000500c5,0x00000006,0x000008cb,0x000008c6,0x000008ca,0x00050051,0x00000006,
	0x000008cd,0x00001efb,0x00000001,0x000500c7,0x00000006,0x000008ce,0x000008cd,0x00000177,
	0x000500c5,0x00000006,0x000008cf,0x000008cb,0x000008ce,0x00050050,0x00000007,0x000008d0,
	0x000008c4,0x000008cf,0x000200f9,0x000008d1,0x000200f8,0x000008a4,0x00050051,0x00000006,
	0x000008a6,0x00001ef7,0x00000000,0x000500c4,0x00000006,0x000008a8,0x00001ed2,0x00000185,
	0x00050051,0x00000006,0x000008aa,0x00001ef7,0x00000001,0x000500c5,0x00000006,0x000008ab,
	0x000008a8,0x000008aa,0x00050050,0x00000007,0x000008ac,0x000008a6,0x000008ab,0x000500c5,
	0x00000006,0x00000aab,0x000008a6,0x000008aa,0x000500ab,0x00000009,0x000008af,0x00000aab,
	0x00000072,0x000200f9,0x000008d1,0x000200f8,0x000008d1,0x000700f5,0x00000007,0x00001f03,
	0x000008d0,0x000008c2,0x000008ac,0x000008a4,0x000700f5,0x00000009,0x00001efc,0x0000022e,
	0x000008c2,0x000008af,0x000008a4,0x000300f7,0x000008e3,0x00000000,0x000400fa,0x0000026d,
	0x000008d2,0x000008d6,0x000200f8,0x000008d6,0x000300f7,0x000008e1,0x00000000,0x000400fa,
	0x00000275,0x000008d7,0x000008e0,0x000200f8,0x000008e0,0x000200f9,0x000008e1,0x000200f8,
	0x000008d7,0x000400a8,0x00000009,0x000008d9,0x00001efc,0x000300f7,0x000008de,0x00000000,
	0x000400fa,0x000008d9,0x000008da,0x000008de,0x000200f8,0x000008da,0x000500a7,0x00000009,
	0x000008dd,0x00000884,0x00000894,0x000200f9,0x000008de,0x000200f8,0x000008de,0x000700f5,
	0x00000009,0x000008df,0x00001efc,0x000008d7,0x000008dd,0x000008da,0x000200f9,0x000008e1,
	0x000200f8,0x000008e1,0x000700f5,0x00000009,0x00001eff,0x0000022e,0x000008e0,0x000008df,
	0x000008de,0x000200f9,0x000008e3,0x000200f8,0x000008d2,0x000500a7,0x00000009,0x000008d5,
	0x00000884,0x00000894,0x000200f9,0x000008e3,0x000200f8,0x000008e3,0x000700f5,0x00000009,
	0x00001f00,0x00001eff,0x000008e1,0x000008d5,0x000008d2,0x000200f9,0x000008ec,0x000200f8,
	0x000008ec,0x000600a9,0x00000006,0x00001f40,0x00001f00,0x000001c3,0x00000072,0x000200f9,
	0x000008ee,0x000200f8,0x000008ee,0x000700f5,0x00000007,0x00001f08,0x000008c0,0x000008bc,
	0x00001f03,0x000008ec,0x000700f5,0x00000006,0x00001f07,0x000001eb,0x000008bc,0x00001f40,
	0x000008ec,0x000200f9,0x00000643,0x000200f8,0x0000063b,0x000200f9,0x00000643,0x000200f8,
	0x00000643,0x000700f5,0x00000007,0x00001f0a,0x00001f08,0x000008ee,0x000000c8,0x0000063b,
	0x000700f5,0x00000006,0x00001f09,0x00001f07,0x000008ee,0x00000072,0x0000063b,0x000200f9,
	0x00000645,0x000200f8,0x00000645,0x000b00f5,0x00000007,0x00001f10,0x000005ee,0x000006c1,
	0x000005fb,0x000005f0,0x00001d90,0x000006fb,0x00001f0a,0x00000643,0x000b00f5,0x00000006,
	0x00001f0f,0x00001f0d,0x000006c1,0x00000072,0x000005f0,0x00001f0b,0x000006fb,0x00001f09,
	0x00000643,0x000200f9,0x00000545,0x000200f8,0x00000545,0x000700f5,0x00000006,0x00001f16,
	0x00001f17,0x0000054f,0x00001f0f,0x00000645,0x000700f5,0x00000007,0x00001f12,0x00001f13,
	0x0000054f,0x00001f10,0x00000645,0x000200f9,0x0000053d,0x000200f8,0x0000053c,0x000200f9,
	0x0000053d,0x000200f8,0x0000053d,0x000700f5,0x00000006,0x00001f15,0x00001f16,0x00000545,
	0x00000075,0x0000053c,0x000700f5,0x00000007,0x00001f11,0x00001f12,0x00000545,0x000000c8,
	0x0000053c,0x00060041,0x00000514,0x00000569,0x000004f7,0x00000205,0x000004f2,0x0003003e,
	0x00000569,0x00001f11,0x00060041,0x00000571,0x00000572,0x0000056d,0x00000205,0x000004f2,
	0x0003003e,0x00000572,0x00001f15,0x000200f9,0x00000574,0x000200f8,0x00000574,0x000100fd,
	0x00010038
];
